,name,location,rating,num_rating,price
0,Essencia 2007,"Tokaj, Hungary",4.9,31 ratings,Available online from $799.29
1,Sauternes 1997,"Sauternes, France",4.8,1904 ratings,574.97
2,Sauternes 1990,"Sauternes, France",4.8,1776 ratings,Available online from $464
3,Sauternes 2001,"Sauternes, France",4.8,1305 ratings,Available online from $737
4,Sauternes 1989,"Sauternes, France",4.8,969 ratings,Available online from $490
5,Sauternes 2015,"Sauternes, France",4.8,624 ratings,Available online from $625
6,Sauternes 1976,"Sauternes, France",4.8,422 ratings,"Available online from $1,040.89"
7,Sauternes 1967,"Sauternes, France",4.8,310 ratings,"Available online from $1,800"
8,Sauternes 2017,"Sauternes, France",4.8,191 ratings,Available online from $600
9,Sauternes 2018,"Sauternes, France",4.8,133 ratings,Available online from $269.99
10,Essencia 2008,"Tokaj, Hungary",4.8,87 ratings,"Available online from $1,100"
11,Sauternes 1959,"Sauternes, France",4.8,79 ratings,"Available online from $5,275.89"
12,Crème de Tête Sauternes 1989,"Sauternes, France",4.8,36 ratings,Available online from $515
13,Sauternes 1996,"Sauternes, France",4.7,2856 ratings,Available online from $379.87
14,Sauternes 1998,"Sauternes, France",4.7,2749 ratings,Available online from $355.89
15,Sauternes 1999,"Sauternes, France",4.7,2305 ratings,Available online from $299.99
16,Sauternes 1995,"Sauternes, France",4.7,2074 ratings,Available online from $339
17,Sauternes 2005,"Sauternes, France",4.7,1496 ratings,Available online from $363.99
18,Sauternes 2003,"Sauternes, France",4.7,1363 ratings,Available online from $399.99
19,Vin de Constance (Natural Sweet) 2015,"Constantia, South Africa",4.7,1211 ratings,Available online from $134.99
20,Sauternes 2008,"Sauternes, France",4.7,1153 ratings,Available online from $340
21,Sauternes 2002,"Sauternes, France",4.7,1032 ratings,Available online from $500
22,Sauternes 1986,"Sauternes, France",4.7,921 ratings,Available online from $425
23,Sauternes 1988,"Sauternes, France",4.7,909 ratings,Available online from $475
24,Sauternes 2004,"Sauternes, France",4.7,906 ratings,Available online from $349.99
25,Sauternes 2007,"Sauternes, France",4.7,800 ratings,Available online from $396.99
26,Sauternes 2006,"Sauternes, France",4.7,768 ratings,Available online from $465
27,Sauternes 2011,"Sauternes, France",4.7,741 ratings,Available online from $500.89
28,Sauternes 1983,"Sauternes, France",4.7,690 ratings,Available online from $799.99
29,Sauternes 2013,"Sauternes, France",4.7,655 ratings,Available online from $275
30,Sauternes 2016,"Sauternes, France",4.7,608 ratings,Available online from $299.87
31,Sauternes 2009,"Sauternes, France",4.7,547 ratings,Available online from $560.90
32,Sauternes 2000,"Sauternes, France",4.7,486 ratings,Available online from $345
33,Sauternes 1975,"Sauternes, France",4.7,467 ratings,"Available online from $1,950"
34,Vin de Constance (Natural Sweet) 2017,"Constantia, South Africa",4.7,455 ratings,Available online from $89
35,Sauternes 1981,"Sauternes, France",4.7,410 ratings,"Available online from $1,080"
36,Sauternes 2010,"Sauternes, France",4.7,377 ratings,Available online from $395
37,Sauternes 2014,"Sauternes, France",4.7,335 ratings,Available online from $261
38,Recioto della Valpolicella Classico 2007,"Recioto della Valpolicella, Italy",4.7,153 ratings,Available online from $158.98
39,Sauternes 1979,"Sauternes, France",4.7,152 ratings,Available online from $979.99
40,Recioto della Valpolicella Classico Superiore 1967,"Recioto della Valpolicella, Italy",4.7,145 ratings,Available online from $435
41,Recioto della Valpolicella Classico 1997,"Recioto della Valpolicella, Italy",4.7,134 ratings,Available online from $295
42,Vigna Seré Veneto Passito Rosso 2003,"Veneto, Italy",4.7,123 ratings,Available online from $199.99
43,Recioto della Valpolicella Classico 2001,"Recioto della Valpolicella, Italy",4.7,113 ratings,Available online from $179
44,Vin Santo di Montepulciano 2001,"Vin Santo di Montepulciano, Italy",4.7,81 ratings,Available online from $229.90
45,Vin Santo di Montepulciano Occhio di Pernice 2005,"Vin Santo di Montepulciano, Italy",4.7,70 ratings,Available online from $270
46,Recioto della Valpolicella (Monte Lodoletta) 1997,"Recioto della Valpolicella, Italy",4.7,69 ratings,Available online from $249.87
47,Vin Santo di Montepulciano 1998,"Vin Santo di Montepulciano, Italy",4.7,59 ratings,Available online from $249.99
48,Sauternes (Premier Grand Cru Classé) 1988,"Sauternes, France",4.7,58 ratings,Available online from $72
49,Cuvée Constance 1997,"Vouvray, France",4.7,47 ratings,Available online from $139
50,Recioto della Valpolicella Classico 1995,"Recioto della Valpolicella, Italy",4.7,41 ratings,Available online from $295
51,Recioto della Valpolicella Classico Superiore 1962,"Recioto della Valpolicella, Italy",4.7,40 ratings,Available online from $689
52,Sauternes (Premier Grand Cru Classé) 1983,"Sauternes, France",4.7,37 ratings,Available online from $88
53,Sauternes 1961,"Sauternes, France",4.7,36 ratings,"Available online from $1,500"
54,Recioto della Valpolicella Classico Superiore 1968,"Recioto della Valpolicella, Italy",4.7,36 ratings,Available online from $355
55,Sauternes 1921,"Sauternes, France",4.7,36 ratings,"Available online from $11,927.89"
56,Sauternes 1937,"Sauternes, France",4.7,35 ratings,"Available online from $7,000"
57,L'Extravagant de Doisy-Daëne Sauternes 2009,"Sauternes, France",4.7,32 ratings,Available online from $299.99
58,Sauternes (Premier Grand Cru Classé) 1975,"Sauternes, France",4.7,31 ratings,Available online from $299.99
59,Sauternes (Crème de Tête) 1971,"Sauternes, France",4.7,30 ratings,Available online from $389.99
60,Sauternes 1953,"Sauternes, France",4.7,25 ratings,"Available online from $2,250"
61,Vin de Constance (Natural Sweet) 2013,"Constantia, South Africa",4.6,1391 ratings,Available online from $89
62,Vin de Constance (Natural Sweet) 2014,"Constantia, South Africa",4.6,1195 ratings,Available online from $439.99
63,Vin de Constance (Natural Sweet) 2008,"Constantia, South Africa",4.6,1134 ratings,Available online from $95.76
64,Sauternes (Premier Grand Cru Classé) 2001,"Sauternes, France",4.6,993 ratings,Available online from $187
65,Ben Ryé Passito di Pantelleria 2018,"Passito di Pantelleria, Italy",4.6,846 ratings,42.99
66,Sauternes 1994,"Sauternes, France",4.6,713 ratings,Available online from $625
67,Sauternes 1991,"Sauternes, France",4.6,622 ratings,Available online from $399.89
68,Vin de Constance (Natural Sweet) 2016,"Constantia, South Africa",4.6,404 ratings,Available online from $85
69,Grand Constance 2015,"Constantia, South Africa",4.6,396 ratings,Available online from $74.99
70,Sauternes 1993,"Sauternes, France",4.6,335 ratings,Available online from $349.86
71,Dolce (Late Harvest) 2013,"Napa Valley, United States",4.6,286 ratings,79.99
72,Tokaji Aszú 6 Puttonyos 2005,"Tokaj, Hungary",4.6,237 ratings,Available online from $125.55
73,Vigna Seré Veneto Passito Rosso 2004,"Veneto, Italy",4.6,215 ratings,Available online from $199.99
74,Barsac (Premier Grand Cru Classé) 2015,"Barsac, France",4.6,194 ratings,Available online from $86.95
75,Barsac (Premier Grand Cru Classé) 2001,"Barsac, France",4.6,183 ratings,Available online from $195
76,Sauternes (Lur Saluces) 1998,"Sauternes, France",4.6,165 ratings,Available online from $78.19
77,Sauternes (Lur Saluces) 1990,"Sauternes, France",4.6,165 ratings,Available online from $129
78,Esszencia 1993,"Tokaj, Hungary",4.6,139 ratings,499.97
79,Vin de Constance (Natural Sweet) 2018,"Constantia, South Africa",4.6,137 ratings,Available online from $66.86
80,Barsac (Premier Grand Cru Classé) 1989,"Barsac, France",4.6,134 ratings,Available online from $196.89
81,Barsac (Premier Grand Cru Classé) 1990,"Barsac, France",4.6,131 ratings,Available online from $179.99
82,Scacco Matto Albana di Romagna Passito 2012,"Albana di Romagna, Italy",4.6,120 ratings,Available online from $63.45
83,Les Jardins de Babylone Moelleux 2007,"Jurançon, France",4.6,114 ratings,Available online from $146.03
84,Vin Santo di Montepulciano 2002,"Vin Santo di Montepulciano, Italy",4.6,98 ratings,Available online from $202.50
85,Ornus 2010,"Toscana, Italy",4.6,85 ratings,Available online from $295
86,Recioto della Valpolicella Classico Superiore 1964,"Recioto della Valpolicella, Italy",4.6,85 ratings,Available online from $267.36
87,Betsek 6 Puttonyos Aszú 2008,"Tokaj, Hungary",4.6,83 ratings,Available online from $149.99
88,Rivesaltes 1933,"Rivesaltes, France",4.6,79 ratings,Available online from $399.99
89,Barsac (Premier Grand Cru Classé) 1983,"Barsac, France",4.6,71 ratings,Available online from $139
90,Tokaji Aszú 6 Puttonyos 2013,"Tokaj, Hungary",4.6,70 ratings,Available online from $125.55
91,Quarts de Chaume 1997,"Quarts de Chaume, France",4.6,44 ratings,Available online from $104.99
92,Sauternes 1968,"Sauternes, France",4.6,43 ratings,"Available online from $1,950"
93,Calliope Rare Tokay N.V.,"Rutherglen, Australia",4.6,42 ratings,Available online from $159.87
94,Pius Beerenauslese 2019,"Rheinhessen, Germany",4.6,42 ratings,Available online from $45
95,Sélection de Grains Nobles Gewürztraminer 2005,"Alsace, France",4.6,41 ratings,Available online from $101.98
96,Occhio di Pernice Vin Santo del Chianti Rufina 2009,"Chianti Rùfina, Italy",4.6,33 ratings,Available online from $53.49
97,Vin Santo di Montepulciano 1995,"Vin Santo di Montepulciano, Italy",4.6,33 ratings,Available online from $75
98,Rivesaltes 1958,"Rivesaltes, France",4.6,30 ratings,Available online from $130.31
99,Vin Santo di Montepulciano 2005,"Vin Santo di Montepulciano, Italy",4.6,25 ratings,Available online from $241.48
100,Ben Ryé Passito di Pantelleria 2017,"Passito di Pantelleria, Italy",4.5,2022 ratings,Available online from $39.99
101,Ben Ryé Passito di Pantelleria 2016,"Passito di Pantelleria, Italy",4.5,1935 ratings,Available online from $46.99
102,Ben Ryé Passito di Pantelleria 2014,"Passito di Pantelleria, Italy",4.5,1918 ratings,Available online from $37.95
103,Vin de Constance (Natural Sweet) 2007,"Constantia, South Africa",4.5,896 ratings,Available online from $95.76
104,Sauternes (Premier Grand Cru Classé) 2001,"Sauternes, France",4.5,631 ratings,Available online from $149.99
105,Barsac (Premier Grand Cru Classé) 2005,"Barsac, France",4.5,545 ratings,Available online from $89.52
106,Sauternes (Premier Grand Cru Classé) 1990,"Sauternes, France",4.5,419 ratings,Available online from $65
107,Vin de Constance (Natural Sweet) 2012,"Constantia, South Africa",4.5,360 ratings,Available online from $81.99
108,Barsac (Premier Grand Cru Classé) 2009,"Barsac, France",4.5,357 ratings,Available online from $89.12
109,Grand Constance 2016,"Constantia, South Africa",4.5,330 ratings,Available online from $79
110,Sauternes (Premier Grand Cru Classé) 1988,"Sauternes, France",4.5,329 ratings,Available online from $149
111,Tokaji Aszú 5 Puttonyos 2013,"Tokaj, Hungary",4.5,297 ratings,Available online from $99
112,Dolce (Late Harvest) 2012,"Napa Valley, United States",4.5,291 ratings,Available online from $51.95
113,Aszú 6 puttonyos 2016,"Tokaj, Hungary",4.5,270 ratings,Available online from $79.99
114,Barsac (Premier Grand Cru Classé) 2014,"Barsac, France",4.5,262 ratings,Available online from $73.33
115,Tokaji Aszú 5 Puttonyos 2010,"Tokaj, Hungary",4.5,259 ratings,Available online from $94.48
116,Sauternes (Premier Grand Cru Classé) 1983,"Sauternes, France",4.5,226 ratings,Available online from $119
117,Sauternes (Premier Grand Cru Classé) 1982,"Sauternes, France",4.5,211 ratings,Available online from $179
118,Barsac (Premier Grand Cru Classé) 2010,"Barsac, France",4.5,208 ratings,Available online from $75.37
119,Sauternes (Premier Grand Cru Classé) 1986,"Sauternes, France",4.5,202 ratings,Available online from $175
120,Sauternes (Premier Grand Cru Classé) 1990,"Sauternes, France",4.5,191 ratings,Available online from $98.91
121,Sauternes (Lur Saluces) 2002,"Sauternes, France",4.5,184 ratings,139.97
122,Barsac (Premier Grand Cru Classé) 1988,"Barsac, France",4.5,182 ratings,Available online from $147
123,Dolce (Late Harvest) 2008,"Napa Valley, United States",4.5,178 ratings,Available online from $325
124,Sauternes (Premier Grand Cru Classé) 1990,"Sauternes, France",4.5,176 ratings,Available online from $89.12
125,Sauternes (Lur Saluces) 2007,"Sauternes, France",4.5,165 ratings,Available online from $153.95
126,Tokaji 5 Puttonyos Aszú 2013,"Tokaj, Hungary",4.5,156 ratings,Available online from $37.99
127,Les Jardins de Babylone Moelleux 2009,"Jurançon, France",4.5,148 ratings,Available online from $199.99
128,Dolce (Late Harvest) 2009,"Napa Valley, United States",4.5,145 ratings,Available online from $49.99
129,Sauternes (Premier Grand Cru Classé) 1986,"Sauternes, France",4.5,142 ratings,Available online from $64
130,Sauternes (Premier Grand Cru Classé) 2004,"Sauternes, France",4.5,112 ratings,Available online from $59.99
131,Vin Santo del Chianti Classico 2009,"Vin Santo del Chianti Classico, Italy",4.5,109 ratings,Available online from $60
132,Dolce (Late Harvest) 2006,"Napa Valley, United States",4.5,106 ratings,Available online from $74.99
133,Tokaji Aszú 6 Puttonyos 1999,"Tokaj, Hungary",4.5,105 ratings,Available online from $68.99
134,Sauternes (Grand Cru Classé) 1990,"Sauternes, France",4.5,98 ratings,Available online from $51.42
135,Sauternes (Crème de Tête) 1990,"Sauternes, France",4.5,97 ratings,Available online from $225.49
136,Sauternes (Grand Cru Classé) 1988,"Sauternes, France",4.5,97 ratings,Available online from $89
137,Sauternes (Premier Grand Cru Classé) 1975,"Sauternes, France",4.5,96 ratings,Available online from $109.69
138,Szt. Tamás Single Vineyard 6 Puttonyos Aszú 2013,"Tokaj, Hungary",4.5,95 ratings,Available online from $122.99
139,Sauternes (Lur Saluces) 1997,"Sauternes, France",4.5,94 ratings,Available online from $100.85
140,Les Jardins de Babylone Moelleux 2006,"Jurançon, France",4.5,94 ratings,Available online from $130
141,Sauternes (Premier Grand Cru Classé) 2018,"Sauternes, France",4.5,93 ratings,Available online from $47.59
142,Sauternes (Lur Saluces) 2009,"Sauternes, France",4.5,92 ratings,Available online from $137.11
143,Sauternes (Lur Saluces) 1988,"Sauternes, France",4.5,89 ratings,Available online from $124.65
144,Tokaji Aszú 6 Puttonyos 2006,"Tokaj, Hungary",4.5,84 ratings,Available online from $100
145,Vouvray Le Mont Moelleux Première Trie 1989,"Vouvray, France",4.5,70 ratings,Available online from $220
146,Les Jardins de Babylone Moelleux 2014,"Jurançon, France",4.5,68 ratings,Available online from $90
147,Barsac (Grand Cru Classé) 1996,"Barsac, France",4.5,67 ratings,Available online from $68
148,Grand Constance 2010,"Constantia, South Africa",4.5,67 ratings,Available online from $129.99
149,Vergine Riserva 1988,"Marsala, Italy",4.5,65 ratings,Available online from $200
150,Sauternes (Grand Cru Classé) 1989,"Sauternes, France",4.5,65 ratings,Available online from $65.13
151,Barsac (Premier Grand Cru Classé) 2016,"Barsac, France",4.5,64 ratings,Available online from $93.95
152,Recioto Della Valpolicella Classico 2012,"Recioto della Valpolicella, Italy",4.5,62 ratings,Available online from $64.99
153,Cuvée Constance 2003,"Vouvray, France",4.5,62 ratings,Available online from $175
154,Dolce (Late Harvest) 2014,"Napa Valley, United States",4.5,61 ratings,Available online from $84.99
155,5 Puttonyos Aszú (Red Label) 2008,"Tokaj, Hungary",4.5,60 ratings,Available online from $69.56
156,Sauternes (Premier Grand Cru Classé) 1976,"Sauternes, France",4.5,59 ratings,Available online from $256.55
157,Sauternes (Premier Grand Cru Classé) 1990,"Sauternes, France",4.5,57 ratings,Available online from $78
158,Grande Cuvée Nummer 6 Nouvelle Vague Trockenbeerenauslese 2012,"Burgenland, Austria",4.5,54 ratings,Available online from $110
159,Sauternes (Crème de Tête) 1983,"Sauternes, France",4.5,52 ratings,Available online from $290
160,L'Extravagant de Doisy-Daëne Sauternes 2010,"Sauternes, France",4.5,46 ratings,Available online from $286.95
161,Sauternes (Lur Saluces) 1983,"Sauternes, France",4.5,45 ratings,Available online from $199.99
162,Late Harvest Gewürztraminer 2019,"Anderson Valley, United States",4.5,44 ratings,Available online from $43.20
163,Moscato Rubino 2018,"California, United States",4.5,42 ratings,Available online from $12.99
164,Κουμανταρία (Commandaria) 2013,"Commandaria, Cyprus",4.5,40 ratings,Available online from $51.30
165,Quarts de Chaume 1990,"Quarts de Chaume, France",4.5,39 ratings,Available online from $99.95
166,Sauvignon Blanc Late Harvest 2018,"Rutherford, United States",4.5,38 ratings,64.99
167,Sauternes (Crème de Tête) 1978,"Sauternes, France",4.5,37 ratings,Available online from $249.99
168,No. 3 Old Vines 2005,"Málaga, Spain",4.5,37 ratings,Available online from $53.95
169,Sagrantino Montefalco Passito 2015,"Montefalco, Italy",4.5,37 ratings,Available online from $39.15
170,Sauternes (Grand Cru Classé) 1986,"Sauternes, France",4.5,35 ratings,Available online from $75
171,Epitome N.V.,"Samos, Greece",4.5,35 ratings,Available online from $60.85
172,No. 3 Old Vines 2010,"Málaga, Spain",4.5,33 ratings,79.99
173,Tokaji Aszú Eszencia 2000,"Tokaj, Hungary",4.5,33 ratings,Available online from $78.19
174,Recioto della Valpolicella Classico Superiore 1985,"Recioto della Valpolicella, Italy",4.5,31 ratings,Available online from $269
175,Sélection de Grains Nobles Gewürztraminer 1997,"Alsace, France",4.5,31 ratings,Available online from $169.99
176,Sauternes 2019,"Sauternes, France",4.5,31 ratings,Available online from $349
177,Erdener Prälat Riesling Auslese 2014,"Mosel, Germany",4.5,31 ratings,Available online from $41.99
178,Sauternes (Premier Grand Cru Classé) 1959,"Sauternes, France",4.5,30 ratings,Available online from $585
179,Sauternes (Crème de Tête) 1967,"Sauternes, France",4.5,28 ratings,Available online from $545
180,Recioto Della Valpolicella Classico 2011,"Recioto della Valpolicella, Italy",4.5,28 ratings,Available online from $59.99
181,5 Puttonyos Aszú (Red Label) 2017,"Tokaj, Hungary",4.5,27 ratings,73.99
182,Gewurztraminer Alsace Selection de Grains Nobles 2008,"Alsace, France",4.5,27 ratings,Available online from $112.18
183,Cuvée Constance 2005,"Vouvray, France",4.5,26 ratings,Available online from $145
184,Barsac (Premier Grand Cru Classé) 1976,"Barsac, France",4.5,26 ratings,Available online from $159
185,Vin Santo Di Carmignano Riserva 2012,"Carmignano, Italy",4.5,25 ratings,Available online from $49.99
186,5 Puttonyos Aszú (Blue Label) 2013,"Tokaj, Hungary",4.4,3101 ratings,69.99
187,Sauternes (Premier Grand Cru Classé) 2005,"Sauternes, France",4.4,1653 ratings,Available online from $77.99
188,Sauternes (Premier Grand Cru Classé) 2009,"Sauternes, France",4.4,1445 ratings,Available online from $71.89
189,Sauternes (Premier Grand Cru Classé) 2005,"Sauternes, France",4.4,1160 ratings,Available online from $59.90
190,Sauternes (Premier Grand Cru Classé) 1989,"Sauternes, France",4.4,1096 ratings,Available online from $64.99
191,Sauternes (Premier Grand Cru Classé) 2009,"Sauternes, France",4.4,1091 ratings,Available online from $73
192,Sauternes (Premier Grand Cru Classé) 2011,"Sauternes, France",4.4,1060 ratings,Available online from $55.42
193,Vidal Icewine 2017,"Niagara Peninsula, Canada",4.4,1055 ratings,Available online from $68.99
194,Sauternes (Premier Grand Cru Classé) 2007,"Sauternes, France",4.4,982 ratings,Available online from $76
195,Sauternes (Premier Grand Cru Classé) 2001,"Sauternes, France",4.4,837 ratings,Available online from $75
196,Sauternes (Premier Grand Cru Classé) 2003,"Sauternes, France",4.4,774 ratings,Available online from $79.99
197,Sauternes (Premier Grand Cru Classé) 2009,"Sauternes, France",4.4,771 ratings,Available online from $99.99
198,Sauternes (Premier Grand Cru Classé) 2006,"Sauternes, France",4.4,760 ratings,Available online from $82
199,Sauternes (Premier Grand Cru Classé) 2010,"Sauternes, France",4.4,732 ratings,Available online from $69.95
200,Sauternes (Premier Grand Cru Classé) 2005,"Sauternes, France",4.4,701 ratings,Available online from $75
201,Vidal Icewine 2015,"Niagara Peninsula, Canada",4.4,695 ratings,Available online from $49.96
202,5 Puttonyos Aszú (Blue Label) 2016,"Tokaj, Hungary",4.4,667 ratings,Available online from $56
203,5 Puttonyos Aszú (Red Label) 2013,"Tokaj, Hungary",4.4,558 ratings,Available online from $59.99
204,Sauternes (Premier Grand Cru Classé) 1999,"Sauternes, France",4.4,545 ratings,Available online from $68
205,Tokaji Aszú 5 Puttonyos 2008,"Tokaj, Hungary",4.4,525 ratings,Available online from $69.99
206,Sauternes (Premier Grand Cru Classé) 1998,"Sauternes, France",4.4,427 ratings,Available online from $89
207,Sauternes (Premier Grand Cru Classé) 2011,"Sauternes, France",4.4,418 ratings,Available online from $31
208,Sauternes (Premier Grand Cru Classé) 1988,"Sauternes, France",4.4,409 ratings,Available online from $68
209,Tokaji Aszú 5 Puttonyos 2007,"Tokaj, Hungary",4.4,398 ratings,Available online from $90
210,Barsac (Premier Grand Cru Classé) 2006,"Barsac, France",4.4,371 ratings,Available online from $62.32
211,Tokaji Aszú 5 Puttonyos 2011,"Tokaj, Hungary",4.4,347 ratings,Available online from $42.99
212,Grünlack Riesling Spätlese 2019,"Rheingau, Germany",4.4,342 ratings,Available online from $59.99
213,Sauternes (Lur Saluces) 2005,"Sauternes, France",4.4,338 ratings,Available online from $107.65
214,Sauternes (Premier Grand Cru Classé) 2015,"Sauternes, France",4.4,328 ratings,Available online from $184.99
215,Vin Santo del Chianti Classico 2005,"Vin Santo del Chianti Classico, Italy",4.4,268 ratings,Available online from $44.99
216,Sauternes (Premier Grand Cru Classé) 2015,"Sauternes, France",4.4,242 ratings,Available online from $68.56
217,5 Puttonyos Aszú (Red Label) 2016,"Tokaj, Hungary",4.4,236 ratings,61.99
218,Les Jardins de Babylone Moelleux 2012,"Jurançon, France",4.4,236 ratings,Available online from $110
219,Sauternes (Lur Saluces) 2006,"Sauternes, France",4.4,231 ratings,Available online from $99.58
220,Cabernet Franc Icewine 2015,"Niagara Peninsula, Canada",4.4,224 ratings,Available online from $99.99
221,Sauternes (Premier Grand Cru Classé) 1988,"Sauternes, France",4.4,220 ratings,Available online from $59
222,Barsac (Premier Grand Cru Classé) 2004,"Barsac, France",4.4,217 ratings,Available online from $44.50
223,Barsac (Premier Grand Cru Classé) 2007,"Barsac, France",4.4,194 ratings,Available online from $207.89
224,Dolce (Late Harvest) 2010,"Napa Valley, United States",4.4,189 ratings,68.95
225,Sauternes (Premier Grand Cru Classé) 1989,"Sauternes, France",4.4,188 ratings,Available online from $98
226,Barsac (Premier Grand Cru Classé) 2003,"Barsac, France",4.4,177 ratings,Available online from $88
227,Tokaji Aszú 5 Puttonyos 2012,"Tokaj, Hungary",4.4,171 ratings,Available online from $46.99
228,Sauternes (Premier Grand Cru Classé) 2000,"Sauternes, France",4.4,166 ratings,Available online from $68.87
229,Santorini Vinsanto 2013,"Santorini, Greece",4.4,149 ratings,Available online from $35
230,Barsac (Premier Grand Cru Classé) 1997,"Barsac, France",4.4,147 ratings,Available online from $93.95
231,Sauternes (Lur Saluces) 2003,"Sauternes, France",4.4,144 ratings,Available online from $99
232,Barsac (Premier Grand Cru Classé) 1986,"Barsac, France",4.4,134 ratings,Available online from $160.50
233,Vouvray Le Mont Moelleux Première Trie 2015,"Vouvray, France",4.4,130 ratings,Available online from $52.99
234,Sauternes (Lur Saluces) 2001,"Sauternes, France",4.4,129 ratings,Available online from $189.99
235,Brauneberger Juffer Sonnenuhr Riesling Auslese 2018,"Brauneberg, Germany",4.4,124 ratings,Available online from $49
236,Sauternes (Premier Grand Cru Classé) 2002,"Sauternes, France",4.4,121 ratings,Available online from $49.99
237,Barsac (Premier Grand Cru Classé) 2011,"Barsac, France",4.4,120 ratings,Available online from $130.31
238,Sauternes (Premier Grand Cru Classé) 1988,"Sauternes, France",4.4,118 ratings,Available online from $68.56
239,Vin de Constance (Natural Sweet) 2001,"Constantia, South Africa",4.4,112 ratings,Available online from $159.59
240,Sauternes (Premier Grand Cru Classé) 1985,"Sauternes, France",4.4,107 ratings,Available online from $118
241,Sauternes (Grand Cru Classé) 1990,"Sauternes, France",4.4,98 ratings,Available online from $129.94
242,Sauternes (Premier Grand Cru Classé) 1983,"Sauternes, France",4.4,98 ratings,Available online from $104.99
243,Sauternes (Lur Saluces) 2010,"Sauternes, France",4.4,97 ratings,Available online from $166.95
244,Aszú 5 Puttonyos 2017,"Tokaj, Hungary",4.4,95 ratings,Available online from $44.99
245,Sauternes (Lur Saluces) 2004,"Sauternes, France",4.4,93 ratings,Available online from $78.19
246,Riesling Icewine 2018,"Niagara Peninsula, Canada",4.4,92 ratings,84.99
247,Sauternes (Premier Grand Cru Classé) 1986,"Sauternes, France",4.4,91 ratings,Available online from $75.41
248,Sauternes Barsac (Premier Grand Cru Classé) 1986,"Barsac, France",4.4,81 ratings,Available online from $129
249,Passito Rosso 2015,"Toscana, Italy",4.4,77 ratings,Available online from $82.99
250,Passito Rosso 2015,"Toscana, Italy",4.4,77 ratings,Available online from $82.99
251,Sauternes (Premier Grand Cru Classé) 1978,"Sauternes, France",4.4,71 ratings,Available online from $92
252,Sauternes (Grand Cru Classé) 1990,"Sauternes, France",4.4,70 ratings,Available online from $78
253,Malvasia Volcanica Semidulce 2019,"Lanzarote, Spain",4.4,65 ratings,Available online from $25
254,Barsac (Grand Cru Classé) 1999,"Barsac, France",4.4,64 ratings,Available online from $48
255,Brauneberger Juffer Sonnenuhr Riesling Auslese 2006,"Brauneberg, Germany",4.4,64 ratings,Available online from $107
256,Sauternes (Premier Grand Cru Classé) 1985,"Sauternes, France",4.4,63 ratings,Available online from $94
257,Les Jardins de Babylone Moelleux 2015,"Jurançon, France",4.4,62 ratings,Available online from $159.99
258,Straw Wine 2020,"Swartland, South Africa",4.4,62 ratings,Available online from $57
259,Sauternes (Premier Grand Cru Classé) 1976,"Sauternes, France",4.4,59 ratings,Available online from $197
260,No. 2 Victoria 2018,"Málaga, Spain",4.4,59 ratings,23.99
261,Sauternes 1988,"Sauternes, France",4.4,58 ratings,Available online from $194.89
262,Sauternes Barsac (Premier Grand Cru Classé) 1983,"Barsac, France",4.4,57 ratings,Available online from $109
263,Sauternes Barsac (Premier Grand Cru Classé) 1975,"Barsac, France",4.4,57 ratings,Available online from $75
264,Beerenauslese 2018,"Neusiedlersee-Hügelland, Austria",4.4,55 ratings,Available online from $49.33
265,Piemonte Brachetto 2020,"Piemonte, Italy",4.4,55 ratings,14.95
266,Quarts de Chaume 1967,"Quarts de Chaume, France",4.4,52 ratings,299.99
267,Barsac (Grand Cru Classé) 1983,"Barsac, France",4.4,50 ratings,Available online from $108
268,Sauternes (Lur Saluces) 2017,"Sauternes, France",4.4,49 ratings,Available online from $175
269,Gold Vidal Icewine 2017,"Niagara Peninsula, Canada",4.4,48 ratings,92.99
270,Vidal Icewine 2008,"Pelee Island, Canada",4.4,48 ratings,Available online from $43.33
271,Sauternes (Crème de Tête) 1996,"Sauternes, France",4.4,48 ratings,Available online from $169.97
272,Quarts de Chaume 1973,"Quarts de Chaume, France",4.4,45 ratings,Available online from $139.95
273,Sauternes (Lur Saluces) 1986,"Sauternes, France",4.4,45 ratings,Available online from $139
274,Sagrantino Montefalco Passito 2014,"Montefalco, Italy",4.4,44 ratings,Available online from $52
275,Edelspatz Noble Late Harvest Botrytis 2019,"Stellenbosch, South Africa",4.4,43 ratings,Available online from $27
276,Grande Cuvée Nummer 7 Nouvelle Vague Trockenbeerenauslese 2005,"Burgenland, Austria",4.4,36 ratings,79.97
277,Ruster Ausbruch Auf den Flügeln der Morgenröte 2017,"Neusiedlersee-Hügelland, Austria",4.4,34 ratings,Available online from $85.50
278,Riesling Icewine 2019,"Niagara Peninsula, Canada",4.4,33 ratings,92.99
279,Vouvray Clos du Bourg Moelleux 1985,"Vouvray, France",4.4,33 ratings,Available online from $179.95
280,Sauternes 1985,"Sauternes, France",4.4,32 ratings,Available online from $89
281,Recioto della Valpolicella Classico Superiore 1986,"Recioto della Valpolicella, Italy",4.4,30 ratings,Available online from $295
282,Côteaux du Layon 1980,"Côteaux du Layon, France",4.4,29 ratings,Available online from $57.60
283,Vin Santo Del Chianti Classico Occhio Di Pernice 2004,"Vin Santo del Chianti Classico, Italy",4.4,29 ratings,Available online from $79.99
284,Wehlener Sonnenuhr Riesling Kabinett 2016,"Mosel, Germany",4.4,28 ratings,Available online from $22
285,Arbois Vin Jaune 2013,"Arbois, France",4.4,28 ratings,Available online from $116
286,Tokaji Aszú 6 Puttonyos 2015,"Tokaj, Hungary",4.4,27 ratings,Available online from $71.99
287,Recioto della Valpolicella Classico Superiore 1974,"Recioto della Valpolicella, Italy",4.4,25 ratings,Available online from $315
288,Sauternes (Premier Grand Cru Classé) 2010,"Sauternes, France",4.3,1399 ratings,99.95
289,Sauternes (Premier Grand Cru Classé) 2007,"Sauternes, France",4.3,1394 ratings,Available online from $61.19
290,Sauternes (Premier Grand Cru Classé) 2002,"Sauternes, France",4.3,1225 ratings,Available online from $64
291,Sauternes (Premier Grand Cru Classé) 2003,"Sauternes, France",4.3,1011 ratings,Available online from $79.99
292,Sauternes (Premier Grand Cru Classé) 2003,"Sauternes, France",4.3,987 ratings,Available online from $39
293,Sauternes (Premier Grand Cru Classé) 2010,"Sauternes, France",4.3,837 ratings,Available online from $44
294,Sauternes (Premier Grand Cru Classé) 2006,"Sauternes, France",4.3,758 ratings,Available online from $61.99
295,Vidal Icewine 2012,"Niagara Peninsula, Canada",4.3,647 ratings,Available online from $52.99
296,Sauternes (Premier Grand Cru Classé) 2008,"Sauternes, France",4.3,569 ratings,Available online from $71.89
297,Tokaji Aszú 5 Puttonyos 2010,"Tokaj, Hungary",4.3,566 ratings,Available online from $47.99
298,Sauternes (Premier Grand Cru Classé) 2015,"Sauternes, France",4.3,557 ratings,Available online from $67.50
299,Tokaji Late Harvest 2017,"Tokaj, Hungary",4.3,536 ratings,Available online from $31.62
300,Sauternes (Premier Grand Cru Classé) 1996,"Sauternes, France",4.3,519 ratings,Available online from $99.99
301,No. 2 Victoria 2015,"Málaga, Spain",4.3,513 ratings,26.99
302,Sauternes Barsac (Premier Grand Cru Classé) 2009,"Barsac, France",4.3,451 ratings,64.99
303,Castello della Sala Muffato della Sala 2009,"Umbria, Italy",4.3,431 ratings,Available online from $60
304,Sauternes (Premier Grand Cru Classé) 2008,"Sauternes, France",4.3,425 ratings,Available online from $36.99
305,Sauternes (Premier Grand Cru Classé) 2003,"Sauternes, France",4.3,412 ratings,Available online from $50.89
306,Sauternes Barsac (Premier Grand Cru Classé) 2014,"Barsac, France",4.3,404 ratings,Available online from $72.99
307,Sauternes (Premier Grand Cru Classé) 2005,"Sauternes, France",4.3,395 ratings,Available online from $58
308,Sauternes (Premier Grand Cru Classé) 2003,"Sauternes, France",4.3,393 ratings,Available online from $79.99
309,Sauternes (Premier Grand Cru Classé) 2002,"Sauternes, France",4.3,378 ratings,79.97
310,Sauternes (Premier Grand Cru Classé) 2008,"Sauternes, France",4.3,375 ratings,109.99
311,Sauternes (Premier Grand Cru Classé) 2003,"Sauternes, France",4.3,354 ratings,Available online from $74
312,Sauternes (Premier Grand Cru Classé) 2007,"Sauternes, France",4.3,347 ratings,Available online from $59.99
313,Sauternes (Premier Grand Cru Classé) 2003,"Sauternes, France",4.3,339 ratings,Available online from $66
314,Sauternes Barsac (Premier Grand Cru Classé) 2011,"Barsac, France",4.3,332 ratings,Available online from $84.95
315,Côteaux du Layon 1985,"Côteaux du Layon, France",4.3,323 ratings,Available online from $59.95
316,Sauternes Barsac (Premier Grand Cru Classé) 2003,"Barsac, France",4.3,320 ratings,Available online from $50
317,Sauternes (Premier Grand Cru Classé) 1996,"Sauternes, France",4.3,310 ratings,Available online from $84
318,Tokaji Aszú 3 Puttonyos 2000,"Tokaj, Hungary",4.3,307 ratings,Available online from $36.99
319,Sauternes (Premier Grand Cru Classé) 2004,"Sauternes, France",4.3,303 ratings,Available online from $26.37
320,Riesling Icewine 2017,"Niagara Peninsula, Canada",4.3,301 ratings,79.99
321,No. 2 Victoria 2014,"Málaga, Spain",4.3,292 ratings,Available online from $21.95
322,Sauternes (Premier Grand Cru Classé) 2010,"Sauternes, France",4.3,276 ratings,Available online from $84.99
323,Sauternes (Premier Grand Cru Classé) 2001,"Sauternes, France",4.3,265 ratings,Available online from $97
324,Sauternes (Premier Grand Cru Classé) 2016,"Sauternes, France",4.3,261 ratings,Available online from $67.39
325,Sauternes (Premier Grand Cru Classé) 2013,"Sauternes, France",4.3,253 ratings,Available online from $106.99
326,Sauternes (Grand Cru Classé) 2015,"Sauternes, France",4.3,237 ratings,Available online from $19.99
327,Barsac (Grand Cru Classé) 2014,"Barsac, France",4.3,229 ratings,Available online from $45.83
328,No. 2 Victoria 2017,"Málaga, Spain",4.3,228 ratings,Available online from $24.99
329,Sauternes (Premier Grand Cru Classé) 1997,"Sauternes, France",4.3,227 ratings,Available online from $49
330,Sauternes (Premier Grand Cru Classé) 1999,"Sauternes, France",4.3,209 ratings,Available online from $139.99
331,Sauternes (Premier Grand Cru Classé) 1997,"Sauternes, France",4.3,205 ratings,Available online from $54.84
332,Sauternes (Grand Cru Classé) 2001,"Sauternes, France",4.3,201 ratings,Available online from $69
333,Sauternes (Premier Grand Cru Classé) 2001,"Sauternes, France",4.3,192 ratings,Available online from $86.50
334,Sauternes (Premier Grand Cru Classé) 1996,"Sauternes, France",4.3,190 ratings,Available online from $99.99
335,Coteaux du Layon 2018,"Côteaux du Layon, France",4.3,190 ratings,Available online from $12.95
336,Sauternes (Premier Grand Cru Classé) 1988,"Sauternes, France",4.3,183 ratings,Available online from $96
337,Vin Santo del Chianti Classico 2008,"Vin Santo del Chianti Classico, Italy",4.3,172 ratings,Available online from $59.99
338,Côteaux du Layon 1981,"Côteaux du Layon, France",4.3,164 ratings,Available online from $49.95
339,Riesling Eiswein 2016,"Mosel, Germany",4.3,161 ratings,Available online from $59.95
340,Cabernet Franc Icewine 2008,"Niagara Peninsula, Canada",4.3,156 ratings,Available online from $94.99
341,Vin Santo del Chianti Classico 2006,"Vin Santo del Chianti Classico, Italy",4.3,153 ratings,Available online from $49.98
342,Sauternes (Premier Grand Cru Classé) 1990,"Sauternes, France",4.3,153 ratings,Available online from $89.92
343,Sauternes Barsac (Premier Grand Cru Classé) 1989,"Barsac, France",4.3,147 ratings,Available online from $126
344,Sauternes (Premier Grand Cru Classé) 1995,"Sauternes, France",4.3,146 ratings,Available online from $59.85
345,Côteaux du Layon 1975,"Côteaux du Layon, France",4.3,140 ratings,Available online from $99.95
346,Vidal Icewine 2018,"Niagara Peninsula, Canada",4.3,137 ratings,Available online from $59.99
347,Vin Santo del Chianti Classico 2009,"Vin Santo del Chianti Classico, Italy",4.3,133 ratings,Available online from $41.95
348,Sauternes (Grand Cru Classé) 2009,"Sauternes, France",4.3,131 ratings,Available online from $29.99
349,Vinsanto 2004,"Santorini, Greece",4.3,130 ratings,39.99
350,Sauternes (Premier Grand Cru Classé) 1975,"Sauternes, France",4.3,130 ratings,Available online from $199.99
351,Sauternes (Lur Saluces) 1996,"Sauternes, France",4.3,118 ratings,Available online from $74.79
352,Sauternes (Premier Grand Cru Classé) 2017,"Sauternes, France",4.3,116 ratings,Available online from $52.99
353,Quarts de Chaume 2006,"Quarts de Chaume, France",4.3,112 ratings,Available online from $45.83
354,The Brothers Late Harvest Sauvignon Blanc 2013,"Marlborough, New Zealand",4.3,112 ratings,38.99
355,Sauternes (Premier Grand Cru Classé) 1989,"Sauternes, France",4.3,107 ratings,Available online from $109
356,Sauternes (Premier Grand Cru Classé) 1986,"Sauternes, France",4.3,107 ratings,Available online from $109
357,Vinsanto del Chianti Classico 2015,"Vin Santo del Chianti Classico, Italy",4.3,100 ratings,Available online from $51.99
358,Vouvray Le Mont Moelleux Première Trie 2008,"Vouvray, France",4.3,97 ratings,Available online from $75
359,Violetta Late Harvest 2013,"Napa Valley, United States",4.3,96 ratings,Available online from $88.99
360,Sauternes (Premier Grand Cru Classé) 1989,"Sauternes, France",4.3,86 ratings,Available online from $75.41
361,Cyprès de Climens Barsac 2016,"Barsac, France",4.3,84 ratings,Available online from $60.75
362,Brauneberger Juffer Sonnenuhr Riesling Auslese 2007,"Brauneberg, Germany",4.3,82 ratings,Available online from $110
363,Icewine Riesling 2017,"Niagara Peninsula, Canada",4.3,82 ratings,Available online from $74.98
364,No. 2 Victoria 2011,"Málaga, Spain",4.3,78 ratings,Available online from $26.99
365,Sauternes (Lur Saluces) 2008,"Sauternes, France",4.3,78 ratings,Available online from $149.99
366,Bordeaux Moelleux 2019,"Bordeaux Moelleux, France",4.3,77 ratings,Available online from $10.99
367,Sauternes 1989,"Sauternes, France",4.3,74 ratings,Available online from $96
368,Vidal Icewine 2018,"Niagara Peninsula, Canada",4.3,74 ratings,76.99
369,Tokaji Cuvée Ilona 2010,"Tokaj, Hungary",4.3,72 ratings,Available online from $62
370,Côteaux du Layon 1984,"Côteaux du Layon, France",4.3,71 ratings,Available online from $57.60
371,Tokaji 5 Puttonyos Aszú 2016,"Tokaj, Hungary",4.3,69 ratings,Available online from $58
372,Recóndita Armonía Monastrell Dulce 2013,"Alicante, Spain",4.3,68 ratings,Available online from $34.99
373,Sauternes 2015,"Sauternes, France",4.3,67 ratings,Available online from $39.99
374,Côteaux du Layon 1999,"Côteaux du Layon, France",4.3,66 ratings,Available online from $53.10
375,Sauternes (Lur Saluces) 2016,"Sauternes, France",4.3,66 ratings,Available online from $175
376,Encore Limited Release,"Napa Valley, United States",4.3,64 ratings,Available online from $40
377,Piemonte Brachetto 2015,"Piemonte, Italy",4.3,62 ratings,Available online from $12.99
378,Vinsanto 2013,"Santorini, Greece",4.3,61 ratings,Available online from $50.88
379,L'Extravagant de Doisy-Daëne Sauternes 2003,"Sauternes, France",4.3,61 ratings,Available online from $213.89
380,Piemonte Brachetto 2019,"Piemonte, Italy",4.3,60 ratings,Available online from $12.99
381,Niederberg Helden Riesling Auslese 2013,"Mosel, Germany",4.3,59 ratings,Available online from $49
382,Recioto della Valpolicella 2015,"Recioto della Valpolicella, Italy",4.3,58 ratings,Available online from $44.55
383,Tokaji Late Harvest 2019,"Tokaj, Hungary",4.3,57 ratings,Available online from $35.55
384,Tokaji Aszú 6 Puttonyos 2000,"Tokaj, Hungary",4.3,57 ratings,Available online from $98
385,Malvasia Volcanica Semidulce 2017,"Lanzarote, Spain",4.3,55 ratings,Available online from $21
386,Sauternes 1990,"Sauternes, France",4.3,54 ratings,Available online from $89.95
387,Vouvray Le Mont Moelleux 2017,"Vouvray, France",4.3,53 ratings,Available online from $39.66
388,Tokaji Aszú 5 Puttonyos 2005,"Tokaj, Hungary",4.3,53 ratings,Available online from $39.66
389,Sauternes (Grand Cru Classé) 1989,"Sauternes, France",4.3,53 ratings,Available online from $87
390,Vouvray Clos du Bourg Moelleux Première Trie 2003,"Vouvray, France",4.3,53 ratings,Available online from $115
391,Tokaji Aszú 6 Puttonyos 2008,"Tokaj, Hungary",4.3,53 ratings,Available online from $62.32
392,Morillon Trockenbeerenauslese 2013,"Südsteiermark, Austria",4.3,51 ratings,Available online from $59.40
393,Cuvée Christine Gewürztraminer Alsace Vendanges Tardives 2012,"Alsace, France",4.3,50 ratings,Available online from $37.80
394,Sauternes 1996,"Sauternes, France",4.3,50 ratings,Available online from $41.13
395,Grande Réserve Rivesaltes 1999,"Rivesaltes, France",4.3,48 ratings,Available online from $63.50
396,Vouvray Le Mont Moelleux Première Trie 2002,"Vouvray, France",4.3,48 ratings,Available online from $80.45
397,Sauternes 1986,"Sauternes, France",4.3,46 ratings,Available online from $149
398,Vin Santo Di Carmignano Riserva 2011,"Carmignano, Italy",4.3,45 ratings,Available online from $60
399,Quarts de Chaume 2002,"Quarts de Chaume, France",4.3,44 ratings,119.97
400,Pinot Gris Alsace Vendanges Tardives 2000,"Alsace, France",4.3,44 ratings,Available online from $85
401,Pinot Gris Vendanges Tardives 2008,"Alsace, France",4.3,43 ratings,Available online from $54.99
402,Sauternes 2016,"Sauternes, France",4.3,39 ratings,22.99
403,Sauternes 1983,"Sauternes, France",4.3,39 ratings,Available online from $118
404,Nummer 7 Nouvelle Vague Chardonnay Trockenbeerenauslese 1998,"Burgenland, Austria",4.3,38 ratings,Available online from $80
405,Sauternes (Grand Cru Classé) 2016,"Sauternes, France",4.3,37 ratings,Available online from $19.99
406,Barsac (Grand Cru Classé) 2018,"Barsac, France",4.3,36 ratings,Available online from $39.66
407,Vinsanto 2015,"Santorini, Greece",4.3,35 ratings,Available online from $73.49
408,Vouvray Le Mont Moelleux Première Trie 2011,"Vouvray, France",4.3,35 ratings,Available online from $76
409,Ürziger Würzgarten Riesling Spätlese 2016,"Mosel, Germany",4.3,34 ratings,Available online from $31.90
410,Rivesaltes 1955,"Rivesaltes, France",4.3,34 ratings,Available online from $101.98
411,Sauternes (Grand Cru Classé) 1988,"Sauternes, France",4.3,34 ratings,Available online from $95
412,Tokaj Late Harvest 2018,"Tokaj, Hungary",4.3,34 ratings,Available online from $29.99
413,Vouvray Clos du Bourg Moelleux 2018,"Vouvray, France",4.3,34 ratings,54.99
414,Porcellànic VI Xarel-lo Sur Lie 2011,"Penedès, Spain",4.3,33 ratings,Available online from $112
415,Les Jardins de Babylone Moelleux 2013,"Jurançon, France",4.3,33 ratings,Available online from $110
416,Sauternes (Grand Cru Classé) 2004,"Sauternes, France",4.3,33 ratings,Available online from $45.33
417,Cuvée Madame Monbazillac 1996,"Monbazillac, France",4.3,31 ratings,Available online from $99.99
418,Gutsabfüllung Ockfener Bockstein Riesling Auslese 2010,"Ockfen, Germany",4.3,30 ratings,Available online from $28.99
419,Reserve Vouvray Moelleux 2005,"Vouvray, France",4.3,30 ratings,Available online from $107.99
420,Sauternes (Crème de Tête) 1976,"Sauternes, France",4.3,29 ratings,Available online from $277.99
421,Late Harvest Sauvignon Blanc 2009,"Napa Valley, United States",4.3,29 ratings,Available online from $36
422,Vouvray Moelleux 2011,"Vouvray, France",4.3,28 ratings,Available online from $39
423,Recioto Della Valpolicella Classico 2015,"Recioto della Valpolicella, Italy",4.3,28 ratings,Available online from $73.99
424,Arbois Vin Jaune 2012,"Arbois, France",4.3,28 ratings,Available online from $109.99
425,Mulheimer Helenenkloster Riesling Eiswein 2016,"Mosel, Germany",4.3,26 ratings,Available online from $299
426,Vouvray Le Haut-Lieu Moelleux Première Trie 2015,"Vouvray, France",4.3,26 ratings,Available online from $59.95
427,Quarts de Chaume 1995,"Quarts de Chaume, France",4.3,26 ratings,Available online from $124.99
428,Malvasia delle Lipari 2016,"Malvasia delle Lipari, Italy",4.3,26 ratings,Available online from $39.15
429,Rothenberg Riesling Auslese 2013,"Rheinhessen, Germany",4.3,25 ratings,69.99
430,Saarburger Rausch Riesling Spätlese 2014,"Mosel, Germany",4.3,25 ratings,Available online from $55
431,Sauternes Barsac (Premier Grand Cru Classé) 2005,"Barsac, France",4.2,569 ratings,Available online from $45
432,Sauternes (Grand Cru Classé) 2014,"Sauternes, France",4.2,529 ratings,Available online from $59.95
433,Sauternes (Premier Grand Cru Classé) 2013,"Sauternes, France",4.2,527 ratings,Available online from $42.99
434,Castelnau de Suduiraut Sauternes 2005,"Sauternes, France",4.2,526 ratings,Available online from $65.99
435,Sauternes (Grand Cru Classé) 2015,"Sauternes, France",4.2,495 ratings,Available online from $27.95
436,Grünlack Riesling Spätlese 2015,"Rheingau, Germany",4.2,474 ratings,Available online from $26.99
437,Sauternes (Premier Grand Cru Classé) 2005,"Sauternes, France",4.2,472 ratings,Available online from $69.99
438,Sauternes (Grand Cru Classé) 2005,"Sauternes, France",4.2,463 ratings,Available online from $43.99
439,Sauternes (Grand Cru Classé) 2009,"Sauternes, France",4.2,453 ratings,Available online from $59
440,Côteaux du Layon 1997,"Côteaux du Layon, France",4.2,451 ratings,Available online from $74.99
441,Barsac (Grand Cru Classé) 2010,"Barsac, France",4.2,428 ratings,Available online from $39.99
442,Vecchio Samperi Ventennale N.V.,"Marsala, Italy",4.2,427 ratings,Available online from $75
443,Sauternes Barsac (Premier Grand Cru Classé) 2015,"Barsac, France",4.2,427 ratings,Available online from $54.95
444,Sauternes (Premier Grand Cru Classé) 2014,"Sauternes, France",4.2,415 ratings,Available online from $54.99
445,Sauternes Barsac (Premier Grand Cru Classé) 1997,"Barsac, France",4.2,410 ratings,Available online from $80
446,Sauternes (Premier Grand Cru Classé) 2001,"Sauternes, France",4.2,409 ratings,Available online from $90
447,Barsac (Grand Cru Classé) 2005,"Barsac, France",4.2,396 ratings,Available online from $28.33
448,Sauternes (Premier Grand Cru Classé) 2016,"Sauternes, France",4.2,370 ratings,Available online from $50.10
449,Eiswein (Icewine) 2016,"Pfalz, Germany",4.2,354 ratings,Available online from $21.09
450,Sauternes 2016,"Sauternes, France",4.2,348 ratings,45.99
451,Vin Santo del Chianti Classico 2006,"Vin Santo del Chianti Classico, Italy",4.2,330 ratings,Available online from $45.09
452,Sauternes (Premier Grand Cru Classé) 2015,"Sauternes, France",4.2,329 ratings,Available online from $79
453,Vouvray Moelleux 2009,"Vouvray, France",4.2,321 ratings,Available online from $79
454,Sauternes Barsac (Premier Grand Cru Classé) 2002,"Barsac, France",4.2,320 ratings,Available online from $65
455,Sauternes Barsac (Premier Grand Cru Classé) 2016,"Barsac, France",4.2,316 ratings,Available online from $41.23
456,Sauternes Barsac (Premier Grand Cru Classé) 1998,"Barsac, France",4.2,313 ratings,Available online from $79.87
457,Riesling Beerenauslese 2017,"Mosel, Germany",4.2,306 ratings,Available online from $77.99
458,Barsac (Grand Cru Classé) 2011,"Barsac, France",4.2,300 ratings,Available online from $48.99
459,Sauternes (Grand Cru Classé) 2007,"Sauternes, France",4.2,296 ratings,Available online from $72.50
460,Sauternes Barsac (Premier Grand Cru Classé) 2013,"Barsac, France",4.2,292 ratings,Available online from $45
461,Sauternes (Premier Grand Cru Classé) 2007,"Sauternes, France",4.2,286 ratings,Available online from $64.95
462,Sauternes (Premier Grand Cru Classé) 2013,"Sauternes, France",4.2,283 ratings,Available online from $80
463,Côteaux du Layon 2002,"Côteaux du Layon, France",4.2,280 ratings,Available online from $55.80
464,Sauternes Barsac (Premier Grand Cru Classé) 2010,"Barsac, France",4.2,277 ratings,76.95
465,Sauternes (Premier Grand Cru Classé) 2014,"Sauternes, France",4.2,276 ratings,Available online from $69.99
466,Muté N.V.,"California, United States",4.2,262 ratings,Available online from $35
467,Tokaji Late Harvest 2018,"Tokaj, Hungary",4.2,255 ratings,49.99
468,Sauternes Barsac (Premier Grand Cru Classé) 2001,"Barsac, France",4.2,254 ratings,Available online from $65
469,Sauternes (Grand Cru Classé) 2004,"Sauternes, France",4.2,246 ratings,Available online from $47
470,Sauternes (Premier Grand Cru Classé) 2007,"Sauternes, France",4.2,233 ratings,Available online from $74.99
471,Sauternes (Grand Cru Classé) 2005,"Sauternes, France",4.2,227 ratings,Available online from $59
472,Côteaux du Layon 1979,"Côteaux du Layon, France",4.2,227 ratings,Available online from $54.95
473,Sauternes (Premier Grand Cru Classé) 2017,"Sauternes, France",4.2,224 ratings,Available online from $58.95
474,Sauternes (Premier Grand Cru Classé) 2016,"Sauternes, France",4.2,222 ratings,99.99
475,Sauternes Barsac (Premier Grand Cru Classé) 2017,"Barsac, France",4.2,218 ratings,Available online from $39.99
476,Sauternes (Premier Grand Cru Classé) 2016,"Sauternes, France",4.2,212 ratings,Available online from $58.99
477,Riesling Noble Late Harvest 2014,"Elgin, South Africa",4.2,195 ratings,Available online from $42
478,Sauternes (Premier Grand Cru Classé) 1983,"Sauternes, France",4.2,185 ratings,Available online from $110
479,Grünlack Riesling Spätlese 2020,"Rheingau, Germany",4.2,182 ratings,Available online from $41.95
480,Sauternes (Premier Grand Cru Classé) 2017,"Sauternes, France",4.2,175 ratings,Available online from $65.72
481,Barsac (Premier Grand Cru Classé) 2012,"Barsac, France",4.2,169 ratings,Available online from $74.99
482,Sauternes Barsac (Premier Grand Cru Classé) 1996,"Barsac, France",4.2,155 ratings,Available online from $39
483,Gewürztraminer Vendange Tardive 2010,"Alsace, France",4.2,153 ratings,Available online from $49.86
484,Cabernet Franc Icewine 2017,"Niagara Peninsula, Canada",4.2,148 ratings,Available online from $89.99
485,Sauternes 2017,"Sauternes, France",4.2,145 ratings,Available online from $21.99
486,'Apasionado de Jose Pariente' Dulce 2019,"Rueda, Spain",4.2,139 ratings,Available online from $26.24
487,Sauternes (Premier Grand Cru Classé) 2001,"Sauternes, France",4.2,138 ratings,Available online from $29
488,Sauternes 2017,"Sauternes, France",4.2,136 ratings,Available online from $34.99
489,L'Ecrù Sicilia Passito 2016,"Terre Siciliane, Italy",4.2,135 ratings,Available online from $37.99
490,Sauternes Barsac (Premier Grand Cru Classé) 1988,"Barsac, France",4.2,132 ratings,Available online from $89
491,Aszú 5 Puttonyos 2016,"Tokaj, Hungary",4.2,128 ratings,Available online from $46.99
492,Barsac (Premier Grand Cru Classé) 2013,"Barsac, France",4.2,127 ratings,Available online from $109.95
493,Tokaji Kësõi Szüret Late Harvest 2018,"Tokaj, Hungary",4.2,121 ratings,Available online from $20.99
494,Barsac (Grand Cru Classé) 2001,"Barsac, France",4.2,118 ratings,Available online from $89.12
495,Sauternes (Premier Grand Cru Classé) 2016,"Sauternes, France",4.2,102 ratings,Available online from $55
496,Gewurztraminer Alsace Vendanges Tardives 2014,"Alsace, France",4.2,98 ratings,Available online from $29.95
497,Barsac (Premier Grand Cru Classé) 2002,"Barsac, France",4.2,97 ratings,99.97
498,Apiliotis 2011,"Santorini, Greece",4.2,96 ratings,Available online from $40.23
499,Passito 2016,"Sicilia, Italy",4.2,95 ratings,Available online from $35.55
500,Riesling Icewine 2014,"Okanagan Valley, Canada",4.2,82 ratings,Available online from $79.99
501,Sauternes (Grand Cru Classé) 2016,"Sauternes, France",4.2,82 ratings,Available online from $17.99
502,Barsac (Grand Cru Classé) 2007,"Barsac, France",4.2,79 ratings,Available online from $86.95
503,Sauternes (Lur Saluces) 1995,"Sauternes, France",4.2,78 ratings,Available online from $101.98
504,Sauternes (Grand Cru Classé) 2006,"Sauternes, France",4.2,77 ratings,Available online from $49.99
505,Sauternes 1996,"Sauternes, France",4.2,76 ratings,Available online from $41.13
506,Pacherenc du Vic-Bilh Moelleux 2017,"Pacherenc du Vic-Bilh, France",4.2,75 ratings,Available online from $21.99
507,Muku Late Harvest Sauvignon Blanc 2016,"Napa Valley, United States",4.2,74 ratings,Available online from $89
508,Vouvray Le Haut-Lieu Moelleux Première Trie 2003,"Vouvray, France",4.2,73 ratings,Available online from $64.99
509,Vouvray Le Mont Moelleux 2015,"Vouvray, France",4.2,72 ratings,Available online from $49
510,Vouvray Moelleux 2015,"Vouvray, France",4.2,70 ratings,Available online from $105
511,Trockenbeerenauslese 2008,"Burgenland, Austria",4.2,68 ratings,44.99
512,Fruitscato Mango N.V.,"California, United States",4.2,68 ratings,Available online from $6.98
513,Fleurfontein 2017,"Stellenbosch, South Africa",4.2,64 ratings,Available online from $35
514,Reserva Banyuls 2015,"Banyuls, France",4.2,64 ratings,Available online from $36
515,Zeltinger Sonnenuhr Riesling Auslese 2013,"Mosel, Germany",4.2,63 ratings,Available online from $36
516,Barsac (Grand Cru Classé) 2001,"Barsac, France",4.2,59 ratings,Available online from $49.99
517,Quarts de Chaume 2015,"Quarts de Chaume, France",4.2,57 ratings,Available online from $74.95
518,Sauternes (Lur Saluces) 2013,"Sauternes, France",4.2,56 ratings,Available online from $250
519,Örökség Tokaji Aszú 5 Puttonyos 2001,"Tokaj, Hungary",4.2,55 ratings,Available online from $50
520,Brauneberger Juffer Riesling Auslese 2015,"Brauneberg, Germany",4.2,55 ratings,Available online from $39.98
521,Vin Jaune Arbois 2009,"Arbois, France",4.2,55 ratings,Available online from $65.72
522,Sauternes (Premier Grand Cru Classé) 2015,"Sauternes, France",4.2,53 ratings,Available online from $44.19
523,Pourriture Noble 2005,"Toscana, Italy",4.2,52 ratings,Available online from $45.99
524,Brauneberger Juffer Sonnenuhr Riesling Auslese 2016,"Brauneberg, Germany",4.2,52 ratings,Available online from $39
525,Sauternes 2018,"Sauternes, France",4.2,52 ratings,Available online from $54.49
526,Vouvray Clos du Bourg Moelleux 2016,"Vouvray, France",4.2,52 ratings,Available online from $59
527,Calliope Rare Muscat N.V.,"Rutherglen, Australia",4.2,51 ratings,Available online from $89.87
528,Tokaji Aszú 5 Puttonyos 2010,"Tokaj, Hungary",4.2,50 ratings,Available online from $47.99
529,Sélection de Grains Nobles Gewürztraminer 2001,"Alsace, France",4.2,50 ratings,Available online from $109.91
530,Rimage Banyuls 2017,"Banyuls, France",4.2,49 ratings,Available online from $23.99
531,Sauternes (Grand Cru Classé) 1986,"Sauternes, France",4.2,48 ratings,Available online from $69
532,Rimage Banyuls 2014,"Banyuls, France",4.2,48 ratings,Available online from $19.95
533,Sauternes 1989,"Sauternes, France",4.2,47 ratings,Available online from $249
534,Ice Wine Vidal 2008,"Niagara Peninsula, Canada",4.2,44 ratings,Available online from $72
535,Vouvray Moelleux 2005,"Vouvray, France",4.2,44 ratings,Available online from $47.99
536,Sauternes (Grand Cru Classé) 2001,"Sauternes, France",4.2,43 ratings,Available online from $49
537,Brauneberger Juffer-Sonnenuhr Riesling Auslese 2015,"Mosel, Germany",4.2,43 ratings,Available online from $43
538,Trittenheimer Apotheke Riesling Spätlese 2018,"Mosel, Germany",4.2,43 ratings,Available online from $38.84
539,Gewürztraminer Vendange Tardive 2012,"Alsace, France",4.2,43 ratings,Available online from $49.05
540,Pacherenc du Vic-Bilh Moelleux 2018,"Pacherenc du Vic-Bilh, France",4.2,42 ratings,Available online from $21.99
541,Sauternes (Premier Grand Cru Classé) 1970,"Sauternes, France",4.2,42 ratings,Available online from $165
542,Sauternes (Premier Grand Cru Classé) 1990,"Sauternes, France",4.2,41 ratings,Available online from $129.90
543,Örökség Tokaji Szamorodni Tarcal 2001,"Tokaj, Hungary",4.2,40 ratings,Available online from $42
544,Arbois Vin Jaune 2007,"Arbois, France",4.2,38 ratings,Available online from $99.87
545,Niersteiner Hipping Riesling Spätlese 2016,"Nierstein, Germany",4.2,36 ratings,Available online from $19.99
546,Vouvray Le Mont Moelleux Première Trie 2016,"Vouvray, France",4.2,35 ratings,Available online from $64.95
547,Malvasia delle Lipari Passito 2018,"Malvasia delle Lipari, Italy",4.2,35 ratings,Available online from $37.80
548,Sauternes (Grand Cru Classé) 1999,"Sauternes, France",4.2,35 ratings,Available online from $99.99
549,Chardonnay Beerenauslese 2013,"Neusiedlersee, Austria",4.2,34 ratings,24.95
550,Wehlener Sonnenuhr Riesling Spätlese 2012,"Wehlen, Germany",4.2,34 ratings,Available online from $19.50
551,Cinque Terre Sciacchetrà 2016,"Cinque Terre, Italy",4.2,33 ratings,Available online from $105
552,Monzinger Riesling Kabinett 2014,"Nahe, Germany",4.2,33 ratings,Available online from $75
553,Veldenzer Elisenberg Riesling Kabinett 2017,"Mosel, Germany",4.2,33 ratings,Available online from $24.99
554,Vinsanto 2007,"Santorini, Greece",4.2,33 ratings,Available online from $41.81
555,Wehlener Sonnenuhr Riesling Spätlese 2018,"Mosel, Germany",4.2,33 ratings,Available online from $33
556,Saarburger Rausch Riesling Spätlese 2018,"Mosel, Germany",4.2,32 ratings,Available online from $42.95
557,Quarts de Chaume 1998,"Quarts de Chaume, France",4.2,31 ratings,Available online from $83
558,Barsac (Grand Cru Classé) 1990,"Barsac, France",4.2,30 ratings,Available online from $109.89
559,Veldenzer Elisenberg Riesling Kabinett 2019,"Mosel, Germany",4.2,30 ratings,Available online from $69
560,Symphonie de Novembre Jurançon 2018,"Jurançon, France",4.2,29 ratings,21.99
561,Tokaji Cuvée Ilona 2011,"Tokaj, Hungary",4.2,27 ratings,Available online from $49.95
562,Sauternes (Premier Grand Cru Classé) 2018,"Sauternes, France",4.2,25 ratings,Available online from $59.99
563,Cuvée Beerenauslese 2017,"Burgenland, Austria",4.1,1012 ratings,Available online from $34.98
564,Late Harvest 2017,"Tokaj, Hungary",4.1,742 ratings,Available online from $19.99
565,Carmes de Rieussec Sauternes 2011,"Sauternes, France",4.1,647 ratings,Available online from $34.99
566,10 Years Old Reserva Verdelho N.V.,"Madeira, Portugal",4.1,615 ratings,Available online from $55
567,Sweet Riesling 2016,"Columbia Valley, United States",4.1,578 ratings,Available online from $12.99
568,Sauternes (Premier Grand Cru Classé) 2005,"Sauternes, France",4.1,446 ratings,Available online from $25.98
569,Tokaji Late Harvest 2014,"Tokaj, Hungary",4.1,437 ratings,Available online from $29.99
570,Cuvée Beerenauslese 2011,"Burgenland, Austria",4.1,419 ratings,Available online from $43
571,Elysium 2015,"Madera, United States",4.1,418 ratings,Available online from $24.29
572,Fruitscato - Peach N.V.,"Napa Valley, United States",4.1,407 ratings,Available online from $4.99
573,The Family Reserve Heatherleigh N.V.,"Stellenbosch, South Africa",4.1,403 ratings,Available online from $30
574,Carmes de Rieussec Sauternes 2017,"Sauternes, France",4.1,385 ratings,Available online from $19.83
575,Fine Old Tokay N.V.,"Victoria, Australia",4.1,370 ratings,Available online from $15.49
576,Sarpa di Poli Grappa N.V.,"Veneto, Italy",4.1,357 ratings,58.99
577,Cuvée Tardive Fleurie 2019,"Fleurie, France",4.1,356 ratings,Available online from $64.99
578,Sauternes (Grand Cru Classé) 2005,"Sauternes, France",4.1,327 ratings,Available online from $64.99
579,Torcolato 2009,"Breganze, Italy",4.1,322 ratings,Available online from $42.99
580,Sauternes (Premier Grand Cru Classé) 2010,"Sauternes, France",4.1,321 ratings,Available online from $19.98
581,Sauternes (Grand Cru Classé) 2016,"Sauternes, France",4.1,310 ratings,56.99
582,Barsac (Grand Cru Classé) 2013,"Barsac, France",4.1,305 ratings,Available online from $60
583,Sauternes Barsac (Premier Grand Cru Classé) 2008,"Barsac, France",4.1,288 ratings,Available online from $71.89
584,Côteaux du Layon 1996,"Côteaux du Layon, France",4.1,265 ratings,Available online from $59.40
585,Fine Old Muscat N.V.,"Victoria, Australia",4.1,265 ratings,Available online from $13.95
586,Barsac (Grand Cru Classé) 2015,"Barsac, France",4.1,247 ratings,Available online from $49.95
587,Sauternes (Grand Cru Classé) 2001,"Sauternes, France",4.1,239 ratings,Available online from $79
588,Sauternes (Grand Cru Classé) 2007,"Sauternes, France",4.1,235 ratings,Available online from $38.99
589,Barsac (Grand Cru Classé) 2006,"Barsac, France",4.1,225 ratings,Available online from $35
590,Barsac (Grand Cru Classé) 2016,"Barsac, France",4.1,213 ratings,Available online from $50
591,Sauternes (Grand Cru Classé) 2017,"Sauternes, France",4.1,207 ratings,Available online from $29.95
592,11 Filari Primitivo di Manduria Dolce Naturale 2011,"Primitivo di Manduria, Italy",4.1,207 ratings,Available online from $17.37
593,Brauneberger Juffer Sonnenuhr Riesling Auslese 2012,"Brauneberg, Germany",4.1,193 ratings,94.99
594,Sauternes (Grand Cru Classé) 2003,"Sauternes, France",4.1,190 ratings,Available online from $79.99
595,Sauternes Barsac (Premier Grand Cru Classé) 2012,"Barsac, France",4.1,185 ratings,Available online from $49.98
596,Vin Santo del Chianti Classico 2008,"Vin Santo del Chianti Classico, Italy",4.1,184 ratings,Available online from $37.64
597,Electra White (California Moscato) 2015,"Madera, United States",4.1,182 ratings,Available online from $12.99
598,Elysium 2017,"Madera, United States",4.1,173 ratings,Available online from $15.22
599,Casta Diva Cosecha Miel Moscatel Dulce 2013,"Alicante, Spain",4.1,170 ratings,Available online from $48.16
600,Cuvée Tardive Fleurie 2020,"Fleurie, France",4.1,151 ratings,Available online from $23.98
601,Beerenauslese Zweigelt 2016,"Burgenland, Austria",4.1,146 ratings,Available online from $119.99
602,Vin Santo di Montepulciano Occhio di Pernice 2015,"Vin Santo di Montepulciano, Italy",4.1,143 ratings,Available online from $290
603,Sauternes (Premier Grand Cru Classé) 2016,"Sauternes, France",4.1,137 ratings,55.99
604,Côteaux du Layon 1968,"Côteaux du Layon, France",4.1,134 ratings,Available online from $137.95
605,Dindarello 2020,"Veneto, Italy",4.1,121 ratings,Available online from $17.88
606,Les Tuffeaux Montlouis Sur Loire 2018,"Montlouis-sur-Loire, France",4.1,115 ratings,Available online from $22.44
607,Sauternes 2014,"Sauternes, France",4.1,115 ratings,Available online from $86
608,Sweet Riesling 2019,"Columbia Valley, United States",4.1,113 ratings,Available online from $9.98
609,Symphonie de Novembre Jurançon 2016,"Jurançon, France",4.1,108 ratings,21.99
610,Vendimia Tardia Allegro Moscatel 2008,"Navarra, Spain",4.1,103 ratings,Available online from $29.95
611,Carmes de Rieussec Sauternes 2005,"Sauternes, France",4.1,102 ratings,Available online from $49.90
612,Château Haut-Mayne Sauternes 2016,"Sauternes, France",4.1,100 ratings,Available online from $25
613,Côteaux du Layon 1998,"Côteaux du Layon, France",4.1,100 ratings,Available online from $53.10
614,Sauternes (Grand Cru Classé) 2012,"Sauternes, France",4.1,98 ratings,59.99
615,Montefalco Sagrantino d'Arquata Passito 2008,"Montefalco Sagrantino, Italy",4.1,96 ratings,49.99
616,Sauternes (Grand Cru Classé) 1997,"Sauternes, France",4.1,95 ratings,Available online from $34.28
617,L'Ecrù Sicilia Passito 2014,"Terre Siciliane, Italy",4.1,92 ratings,44.99
618,Riesling Vin de Glacière 2016,"Columbia Valley, United States",4.1,92 ratings,Available online from $13.99
619,Côteaux du Layon 2005,"Côteaux du Layon, France",4.1,90 ratings,Available online from $53.99
620,Vin Santo del Chianti Classico 2009,"Vin Santo del Chianti Classico, Italy",4.1,90 ratings,39.99
621,Sauternes (Grand Cru Classé) 1996,"Sauternes, France",4.1,90 ratings,Available online from $52
622,Côteaux du Layon 1991,"Côteaux du Layon, France",4.1,86 ratings,Available online from $67.05
623,Noblesse du Temps Jurançon 2014,"Jurançon, France",4.1,85 ratings,Available online from $32.86
624,Barsac (Grand Cru Classé) 2017,"Barsac, France",4.1,84 ratings,Available online from $43.06
625,Sauternes (Grand Cru Classé) 2001,"Sauternes, France",4.1,82 ratings,Available online from $25
626,Riesling Auslese 2011,"Rheingau, Germany",4.1,82 ratings,Available online from $14.99
627,Barsac (Grand Cru Classé) 2002,"Barsac, France",4.1,78 ratings,Available online from $84.99
628,Sauternes 2018,"Sauternes, France",4.1,75 ratings,Available online from $21.99
629,Violetta Late Harvest 2009,"Napa Valley, United States",4.1,75 ratings,Available online from $64.96
630,Emotions de la Tour Blanche Sauternes 2017,"Sauternes, France",4.1,70 ratings,Available online from $21.99
631,Sauternes Barsac (Premier Grand Cru Classé) 2018,"Barsac, France",4.1,68 ratings,Available online from $69.99
632,Nightingale 2008,"Napa Valley, United States",4.1,67 ratings,Available online from $39.99
633,Castelnau de Suduiraut Sauternes 2016,"Sauternes, France",4.1,64 ratings,Available online from $33.33
634,Sauternes (Premier Grand Cru Classé) 2016,"Sauternes, France",4.1,61 ratings,Available online from $32.08
635,Wolfer Goldgrube Riesling Spätlese 2015,"Mosel, Germany",4.1,60 ratings,Available online from $38
636,Veldenzer Elisenberg Riesling Spätlese 2018,"Mosel, Germany",4.1,60 ratings,Available online from $28
637,Secret de Château Biac Cadillac 2010,"Cadillac, France",4.1,58 ratings,Available online from $52
638,Wehlener Sonnenuhr Riesling Kabinett 2018,"Mosel, Germany",4.1,58 ratings,Available online from $24
639,Vouvray Le Mont Moelleux 2018,"Vouvray, France",4.1,57 ratings,Available online from $29.99
640,Côteaux du Layon 2003,"Côteaux du Layon, France",4.1,53 ratings,Available online from $55.80
641,Rimage Banyuls 2016,"Banyuls, France",4.1,52 ratings,Available online from $33
642,L'Abbaye Monbazillac 2010,"Monbazillac, France",4.1,49 ratings,21.95
643,Coteaux du Layon Premier Cru 'Chaume' 2014,"Coteaux du Layon 'Chaume', France",4.1,49 ratings,Available online from $29.95
644,Côteaux du Layon 1982,"Côteaux du Layon, France",4.1,48 ratings,Available online from $54.95
645,Juffer Sonnenuhr Riesling Spätlese 2014,"Mosel, Germany",4.1,47 ratings,Available online from $32
646,Sauternes 2018,"Sauternes, France",4.1,46 ratings,Available online from $18
647,Graacher Himmelreich Riesling Auslese 2019,"Mosel, Germany",4.1,43 ratings,Available online from $45
648,Berncasteler Doctor Riesling Auslese 2015,"Mosel, Germany",4.1,42 ratings,Available online from $60
649,Malvasia Volcanica Semidulce 2018,"Lanzarote, Spain",4.1,41 ratings,Available online from $24
650,Essensia Orange Muscat 2018,"Madera, United States",4.1,41 ratings,22.99
651,Vin San Giusto 2009,"Vin Santo, Italy",4.1,40 ratings,Available online from $167.98
652,Golan Moscato 2011,"Galilee, Israel",4.1,39 ratings,Available online from $15.99
653,Monbazillac 2012,"Monbazillac, France",4.1,39 ratings,Available online from $12.98
654,Vin Santo del Chianti Classico 2013,"Vin Santo del Chianti Classico, Italy",4.1,38 ratings,Available online from $53.99
655,Hofberg Spätlese Riesling 2016,"Dhron, Germany",4.1,38 ratings,Available online from $49
656,Sauternes (Grand Cru Classé) 1995,"Sauternes, France",4.1,38 ratings,Available online from $58
657,Sauternes (Grand Cru Classé) 1983,"Sauternes, France",4.1,38 ratings,Available online from $77
658,Château de Cosse Sauternes 2017,"Sauternes, France",4.1,37 ratings,26.99
659,Brauneberg Juffer Riesling Spätlese 2016,"Brauneberg, Germany",4.1,37 ratings,Available online from $28
660,Erbaluce di Caluso Passito 2010,"Erbaluce di Caluso, Italy",4.1,36 ratings,Available online from $26.99
661,Riesling Spätlese 2020,"Mosel, Germany",4.1,35 ratings,Available online from $12.99
662,Podere Casale I° Reserva Vin Santo del Chianti 2011,"Vin Santo del Chianti, Italy",4.1,33 ratings,Available online from $35.99
663,Rimage Banyuls 2018,"Banyuls, France",4.1,33 ratings,31.99
664,Arcturos  Riesling Late Harvest 2019,"Michigan, United States",4.1,32 ratings,Available online from $15.99
665,Wolfer Goldgrube Riesling Spätlese 2006,"Mosel, Germany",4.1,31 ratings,Available online from $35
666,Sauternes 2017,"Sauternes, France",4.1,31 ratings,Available online from $30.99
667,Barsac-Sauternes (Grand Cru Classé) 2003,"Barsac, France",4.1,31 ratings,Available online from $54.50
668,Sauternes (Grand Cru Classé) 2007,"Sauternes, France",4.1,30 ratings,Available online from $27.99
669,Vouvray Le Mont Moelleux 2002,"Vouvray, France",4.1,29 ratings,Available online from $69.95
670,Vin Santo del Chianti Rufina 2012,"Chianti Rùfina, Italy",4.1,29 ratings,Available online from $42.99
671,Vin de Paille Côtes du Jura 2015,"Côtes du Jura, France",4.1,27 ratings,Available online from $37.39
672,Vouvray Clos du Bourg Moelleux Première Trie 2005,"Vouvray, France",4.1,26 ratings,69.97
673,Vineyard Reserve Late Harvest 2017,"Curico Valley, Chile",4.1,25 ratings,Available online from $17.99
674,Sauternes (Premier Grand Cru Classé) 2011,"Sauternes, France",4.0,931 ratings,119.99
675,Late Harvest 2016,"Tokaj, Hungary",4.0,846 ratings,Available online from $22.99
676,Harvest Select Sweet Riesling 2017,"Columbia Valley, United States",4.0,810 ratings,Available online from $9.99
677,Passito Pantelleria Liquoroso 2017,"Passito di Pantelleria, Italy",4.0,785 ratings,Available online from $17.99
678,Solera Ratafia de Champagne N.V.,"Champagne, France",4.0,506 ratings,Available online from $69.99
679,Dindarello 2018,"Veneto, Italy",4.0,335 ratings,Available online from $17.88
680,Harvest Select Sweet Riesling 2020,"Columbia Valley, United States",4.0,308 ratings,9.99
681,Castelnau de Suduiraut Sauternes 2007,"Sauternes, France",4.0,260 ratings,Available online from $26
682,Loupiac 2016,"Loupiac, France",4.0,248 ratings,Available online from $18.85
683,Solera Rivesaltes N.V.,"Rivesaltes, France",4.0,242 ratings,Available online from $42.39
684,Sauternes (Grand Cru Classé) 2008,"Sauternes, France",4.0,235 ratings,Available online from $22
685,Sauternes 2011,"Sauternes, France",4.0,213 ratings,Available online from $22.99
686,Sauternes (Grand Cru Classé) 2015,"Sauternes, France",4.0,203 ratings,Available online from $38.95
687,Sweet Walter White N.V.,"New York, United States",4.0,202 ratings,Available online from $8.99
688,Il Moscato di Nonino Grappa Monovitigno N.V.,"Friuli-Venezia Giulia, Italy",4.0,191 ratings,Available online from $69.99
689,Dolce N.V.,"Marche, Italy",4.0,191 ratings,10.99
690,Carmes de Rieussec Sauternes 2018,"Sauternes, France",4.0,189 ratings,Available online from $18
691,Vouvray Le Haut-Lieu Moelleux 2008,"Vouvray, France",4.0,187 ratings,Available online from $55
692,Côteaux du Layon 1994,"Côteaux du Layon, France",4.0,171 ratings,Available online from $37.80
693,Vouvray Le Haut-Lieu Moelleux 2015,"Vouvray, France",4.0,170 ratings,Available online from $54.99
694,Sauternes 2016,"Sauternes, France",4.0,169 ratings,24.99
695,Electra Red (California Moscato) 2018,"Madera, United States",4.0,167 ratings,Available online from $12.95
696,Fruitscato - Apple N.V.,"California, United States",4.0,164 ratings,Available online from $4.99
697,Sauternes 2016,"Sauternes, France",4.0,164 ratings,Available online from $24.99
698,Château Petit Vedrines Sauternes 2016,"Sauternes, France",4.0,160 ratings,Available online from $16
699,Essensia Orange Muscat 2015,"Madera, United States",4.0,159 ratings,Available online from $15.99
700,Symphonie de Novembre Jurançon 2014,"Jurançon, France",4.0,157 ratings,Available online from $19.98
701,Macvin du Jura N.V.,"Jura, France",4.0,156 ratings,Available online from $39.99
702,La Magendia 2016,"Jurançon, France",4.0,150 ratings,19.95
703,Sauternes 2006,"Sauternes, France",4.0,149 ratings,46.99
704,Sweet Walter Rosé N.V.,"New York, United States",4.0,143 ratings,Available online from $8.95
705,Beerenauslese 2015,"Rheinhessen, Germany",4.0,140 ratings,Available online from $21.99
706,Tokaji 1413 Édes Szamorodni 2016,"Tokaj, Hungary",4.0,135 ratings,Available online from $21.99
707,Wolfer Goldgrube Riesling Spätlese 2007,"Mosel, Germany",4.0,132 ratings,Available online from $38
708,Sauternes Barsac (Premier Grand Cru Classé) 1999,"Barsac, France",4.0,127 ratings,Available online from $50
709,Torcolato 2018,"Breganze, Italy",4.0,126 ratings,Available online from $48.95
710,No. 1 Seleccion Especial 2010,"Málaga, Spain",4.0,116 ratings,Available online from $24.99
711,Pet Mex 2019,"Baja California, Mexico",4.0,111 ratings,Available online from $31.99
712,Sauternes (Grand Cru Classé) 2018,"Sauternes, France",4.0,108 ratings,Available online from $37.50
713,Pink Moscato N.V.,"Veneto, Italy",4.0,100 ratings,9.99
714,Sauternes (Grand Cru Classé) 2003,"Sauternes, France",4.0,98 ratings,Available online from $23.99
715,Vouvray Le Haut-Lieu Moelleux 2018,"Vouvray, France",4.0,86 ratings,Available online from $29
716,Cyprès de Climens Barsac 2012,"Barsac, France",4.0,85 ratings,Available online from $60.75
717,Cyprès de Climens Barsac 2013,"Barsac, France",4.0,83 ratings,Available online from $49.97
718,Sauternes 2010,"Sauternes, France",4.0,82 ratings,Available online from $24.99
719,Riesling Spätlese 2019,"Nahe, Germany",4.0,78 ratings,Available online from $11.99
720,Niederberg Helden Riesling Auslese 2017,"Mosel, Germany",4.0,76 ratings,Available online from $199.95
721,Vouvray Moelleux 1999,"Vouvray, France",4.0,75 ratings,Available online from $53
722,Macvin du Jura N.V.,"Jura, France",4.0,64 ratings,Available online from $32.99
723,Hofberg Spätlese Riesling 2013,"Dhron, Germany",4.0,62 ratings,Available online from $29.99
724,Cuvée Beerenauslese 2018,"Burgenland, Austria",4.0,60 ratings,Available online from $32.99
725,Moscato 2019,"Provincia di Pavia, Italy",4.0,59 ratings,Available online from $12.99
726,Sauternes (Premier Grand Cru Classé) 2008,"Sauternes, France",4.0,57 ratings,Available online from $69
727,Sauternes 2015,"Sauternes, France",4.0,51 ratings,Available online from $16.99
728,Bordeaux Moelleux 2015,"Bordeaux Moelleux, France",4.0,51 ratings,Available online from $16.99
729,Château Haut-Mayne Sauternes 2018,"Sauternes, France",4.0,50 ratings,25.99
730,Rivesaltes Ambré 2001,"Rivesaltes, France",4.0,49 ratings,Available online from $30
731,Vouvray Moelleux 2017,"Vouvray, France",4.0,48 ratings,Available online from $34.56
732,Kratiras 2002,"Santorini, Greece",4.0,48 ratings,Available online from $38
733,Monzinger Riesling Kabinett 2018,"Nahe, Germany",4.0,46 ratings,Available online from $24.95
734,Château de Cosse Sauternes 2014,"Sauternes, France",4.0,45 ratings,Available online from $32.99
735,Cagnina di Romagna Dolce 2020,"Gagnina di Romagna, Italy",4.0,45 ratings,Available online from $8.95
736,Freefall Red Sangria N.V.,"New York, United States",4.0,43 ratings,Available online from $13.99
737,Clos des Perrières Savennières 2018,"Savennières, France",4.0,42 ratings,Available online from $29.46
738,Picolit 2015,"Colli Orientali del Friuli Picolit, Italy",4.0,41 ratings,Available online from $24.99
739,Moelleux Montlouis Sur Loire 2016,"Montlouis-sur-Loire, France",4.0,40 ratings,Available online from $33.99
740,Le Passule Passito Bianco 2009,"Val di Neto, Italy",4.0,39 ratings,Available online from $35.98
741,Vin Santo del Chianti Classico 2009,"Vin Santo del Chianti Classico, Italy",4.0,39 ratings,Available online from $25.09
742,Côteaux du Layon 2000,"Côteaux du Layon, France",4.0,39 ratings,Available online from $55.80
743,Riesling Spätlese 2020,"Nahe, Germany",4.0,37 ratings,14.99
744,Barsac (Grand Cru Classé) 1986,"Barsac, France",4.0,36 ratings,Available online from $130.31
745,Alte Reben Erdener Treppchen Riesling Spätlese 2015,"Mosel, Germany",4.0,36 ratings,Available online from $25.98
746,Elysium 2018,"Madera, United States",4.0,36 ratings,22.99
747,Sauternes 2015,"Sauternes, France",4.0,35 ratings,Available online from $20.99
748,Vin Santo del Chianti Classico 2014,"Vin Santo del Chianti Classico, Italy",4.0,35 ratings,Available online from $75
749,Vouvray Clos du Bourg Moelleux 2003,"Vouvray, France",4.0,33 ratings,Available online from $45.99
750,Château Lamourette Sauternes 2015,"Sauternes, France",4.0,31 ratings,Available online from $25.99
751,Veldenzer Elisenberg Riesling Kabinett 2020,"Mosel, Germany",4.0,31 ratings,Available online from $21.95
752,Monzinger Riesling Kabinett 2019,"Nahe, Germany",4.0,30 ratings,Available online from $38.95
753,Hofberg Spätlese Riesling 2011,"Dhron, Germany",4.0,30 ratings,Available online from $49
754,San Leto Colli Tortonesi 2018,"Colli Tortonesi, Italy",4.0,27 ratings,Available online from $52.90
755,Ürziger Würzgarten Riesling Auslese 2016,"Mosel, Germany",4.0,27 ratings,Available online from $31.90
756,Bürgergarten Riesling Spätlese 2017,"Pfalz, Germany",4.0,26 ratings,Available online from $33
757,Zinfandel Late Harvest Liquid Love 2017,"Paso Robles, United States",4.0,25 ratings,Available online from $19.99
758,Full Rich - Doce N.V.,"Madeira, Portugal",4.0,25 ratings,Available online from $14
759,Petit Guiraud Sauternes 2013,"Sauternes, France",3.9,908 ratings,Available online from $29.99
760,Castelnau de Suduiraut Sauternes 2009,"Sauternes, France",3.9,865 ratings,Available online from $35
761,Harvest Select Sweet Riesling 2018,"Columbia Valley, United States",3.9,777 ratings,Available online from $9.95
762,Petit Guiraud Sauternes 2016,"Sauternes, France",3.9,739 ratings,Available online from $38.99
763,Muscat N.V.,"Rutherglen, Australia",3.9,720 ratings,Available online from $18.99
764,Carmes de Rieussec Sauternes 2016,"Sauternes, France",3.9,593 ratings,Available online from $18
765,Tokaji Kësõi Szüret Late Harvest 2017,"Tokaj, Hungary",3.9,523 ratings,Available online from $18.99
766,Cuvée Tardive Fleurie 2018,"Fleurie, France",3.9,471 ratings,Available online from $59.99
767,Petit Guiraud Sauternes 2010,"Sauternes, France",3.9,456 ratings,Available online from $29.49
768,Passito Pantelleria Liquoroso 2019,"Passito di Pantelleria, Italy",3.9,409 ratings,Available online from $25.99
769,De La Costa Red Sangria N.V.,"California, United States",3.9,377 ratings,Available online from $7.33
770,Castelnau de Suduiraut Sauternes 2008,"Sauternes, France",3.9,367 ratings,Available online from $19
771,Lions de Suduiraut Sauternes 2015,"Sauternes, France",3.9,307 ratings,Available online from $35
772,Apianae 2013,"Molise, Italy",3.9,296 ratings,Available online from $21.46
773,Late Harvest Malbec 2012,"Lujan de Cuyo, Argentina",3.9,269 ratings,Available online from $22.96
774,Petit Guiraud Sauternes 2011,"Sauternes, France",3.9,249 ratings,Available online from $49.99
775,Sauternes (Premier Grand Cru Classé) 2013,"Sauternes, France",3.9,183 ratings,Available online from $42.12
776,Romagna Cagnina Dolce Red 2012,"Romagna, Italy",3.9,143 ratings,Available online from $8.99
777,Layon 2018,"Côteaux du Layon, France",3.9,125 ratings,56.99
778,Late Harvest Riesling 2018,"Columbia Valley, United States",3.9,116 ratings,Available online from $9.49
779,Botrytis Sémillon 2013,"Riverina, Australia",3.9,110 ratings,Available online from $40.99
780,Elysium 2008,"Madera, United States",3.9,94 ratings,Available online from $22.99
781,Sauternes 2018,"Sauternes, France",3.9,90 ratings,Available online from $25.99
782,Coteaux du Layon 'St. Aubin' 2017,"Coteaux du Layon 'Saint-Aubin-de-Luigne', France",3.9,90 ratings,Available online from $13.99
783,Vouvray Le Haut-Lieu Moelleux 2016,"Vouvray, France",3.9,89 ratings,Available online from $37.09
784,Niederberg Helden Riesling Spätlese 2016,"Mosel, Germany",3.9,81 ratings,Available online from $31.95
785,Niederberg Helden Riesling Auslese 2018,"Mosel, Germany",3.9,79 ratings,Available online from $59.99
786,Niederberg Helden Riesling Spätlese 2014,"Mosel, Germany",3.9,77 ratings,Available online from $32
787,Eiswein 2016,"Rheinhessen, Germany",3.9,68 ratings,Available online from $36.99
788,Electra Red (California Moscato) 2020,"Madera, United States",3.9,66 ratings,14.99
789,Jurançon Sec 2019,"Jurançon, France",3.9,66 ratings,Available online from $19.33
790,Deidesheimer Paradiesgarten Riesling Kabinett 2016,"Pfalz, Germany",3.9,64 ratings,Available online from $34.99
791,Cape Ruby N.V.,"Swartland, South Africa",3.9,61 ratings,Available online from $15.99
792,Vin Santo della Valdichiana 2014,"Valdichiana, Italy",3.9,61 ratings,Available online from $26.99
793,Moscato 2018,"Provincia di Pavia, Italy",3.9,56 ratings,Available online from $10.99
794,Late Harvest Malbec 2019,"Lujan de Cuyo, Argentina",3.9,55 ratings,Available online from $28.99
795,Berncasteler Doctor Riesling Spätlese 2015,"Mosel, Germany",3.9,54 ratings,Available online from $50
796,Vouvray Le Mont Moelleux 2016,"Vouvray, France",3.9,50 ratings,Available online from $49
797,Late Harvest Sauvignon Blanc 2012,"Knights Valley, United States",3.9,47 ratings,Available online from $51
798,Passito di Pantelleria 2017,"Passito di Pantelleria, Italy",3.9,46 ratings,Available online from $27.50
799,Les Clos Côteaux du Layon Saint-Aubin 2015,"Côteaux du Layon, France",3.9,44 ratings,Available online from $29.99
800,Loupiac 2015,"Entre-deux-Mers, France",3.9,42 ratings,Available online from $24.95
801,Rivesaltes 1977,"Rivesaltes, France",3.9,42 ratings,Available online from $50.99
802,Sweet Sangria N.V.,"Texas, United States",3.9,38 ratings,Available online from $13.99
803,L'Etoile Vin Jaune 2012,"L'Etoile, France",3.9,35 ratings,Available online from $69.99
804,Late Harvest Riesling 2020,"Washington, United States",3.9,34 ratings,Available online from $8.98
805,Brauneberger Juffer-Sonnenuhr Riesling Spätlese 2016,"Brauneberg, Germany",3.9,34 ratings,Available online from $33
806,Côteaux du Layon 2007,"Côteaux du Layon, France",3.9,32 ratings,Available online from $56.70
807,Le Peagnè Recioto della Valpolicella Classico 2013,"Recioto della Valpolicella Classico, Italy",3.9,30 ratings,Available online from $19
808,Ats - Mad Cuvée - Late Harvest 2016,"Tokaj, Hungary",3.9,30 ratings,Available online from $30.50
809,Vignoles Late Harvest 2013,"Finger Lakes, United States",3.9,30 ratings,Available online from $34.95
810,Pinot Gris Alsace Vendanges Tardives 2009,"Alsace, France",3.9,30 ratings,Available online from $47.59
811,Cuvée Adriana Moscato Sweet N.V.,"Veneto, Italy",3.9,28 ratings,Available online from $8.95
812,Sweet Riesling 2020,"Columbia Valley, United States",3.9,27 ratings,11.99
813,Late Harvest Riesling 2020,"Columbia Valley, United States",3.9,26 ratings,Available online from $9.17
814,Loupiac 2016,"Loupiac, France",3.9,25 ratings,Available online from $24.67
815,Carolina Sweet Muscadine N.V.,"North Carolina, United States",3.8,844 ratings,Available online from $14.99
816,Lions de Suduiraut Sauternes 2013,"Sauternes, France",3.8,322 ratings,Available online from $16.99
817,Premium Fine Muscat N.V.,"Victoria, Australia",3.8,300 ratings,Available online from $19.99
818,Sauternes 2017,"Sauternes, France",3.8,281 ratings,Available online from $22.99
819,5 Years Old Malmsey Full Rich N.V.,"Madeira, Portugal",3.8,228 ratings,Available online from $29.99
820,Cuvée Tardive Fleurie 2016,"Fleurie, France",3.8,203 ratings,Available online from $27
821,Vouvray Demi-Sec 2019,"Vouvray, France",3.8,177 ratings,Available online from $21.99
822,Loupiac 2009,"Entre-deux-Mers, France",3.8,162 ratings,Available online from $33.95
823,Recioto della Valpolicella Valpantena 2015,"Recioto della Valpolicella, Italy",3.8,158 ratings,50.99
824,Fruitscato Watermelon N.V.,"California, United States",3.8,128 ratings,Available online from $4.99
825,Essensia Orange Muscat 2016,"Madera, United States",3.8,126 ratings,Available online from $24.58
826,Fruitscato - Blueberry N.V.,", ",3.8,122 ratings,Available online from $4.99
827,Renesium N.V.,"Vino d'Italia, Italy",3.8,121 ratings,Available online from $22.87
828,Wehlener Sonnenuhr Riesling Kabinett 2019,"Mosel, Germany",3.8,107 ratings,Available online from $26
829,Niersteiner Paterberg Riesling Kabinett 2018,"Nierstein, Germany",3.8,79 ratings,Available online from $16.43
830,Late Harvest 2018,"Tokaj, Hungary",3.8,77 ratings,Available online from $18.95
831,Riesling 2019,"Nahe, Germany",3.8,76 ratings,Available online from $7.75
832,Château Bellevue Monbazillac 2011,"Monbazillac, France",3.8,73 ratings,Available online from $19.99
833,Riesling Medium Sweet 2018,"Mosel, Germany",3.8,62 ratings,Available online from $8.99
834,Vin Santo del Chianti Classico S. Niccolò 2011,"Vin Santo del Chianti Classico, Italy",3.8,61 ratings,Available online from $31.99
835,Sweet Cherry N.V.,"Wisconsin, United States",3.8,54 ratings,14.97
836,Sauternes 2017,"Sauternes, France",3.8,50 ratings,Available online from $29.99
837,Riesling Auslese Sweet & Luscious 2016,"Mosel, Germany",3.8,44 ratings,Available online from $17.99
838,Passito Montefalco Sagrantino 2009,"Montefalco Sagrantino, Italy",3.8,42 ratings,Available online from $23.95
839,Wehlener Sonnenuhr Riesling Kabinett 2020,"Mosel, Germany",3.8,41 ratings,Available online from $23
840,Reserve Merlot Semi Sweet 2017,"Pays d'Oc, France",3.8,39 ratings,Available online from $8.99
841,Mosel Slate Riesling Spätlese 2015,"Mosel, Germany",3.9,33 ratings,Available online from $35
842,Late Harvest Riesling 2012,"Ontario, Canada",3.8,30 ratings,Available online from $13.99
843,De la Costa White Sangria N.V.,"California, United States",3.8,29 ratings,11
844,Moscato Sweet White 2019,"Judean Hills, Israel",3.8,26 ratings,Available online from $9.99
845,Growers Red N.V.,"New York, United States",3.8,26 ratings,Available online from $10.67
846,Vernaccia di Oristano 2000,"Vernaccia di Oristano, Italy",3.8,25 ratings,Available online from $25.99
847,Sweet Walter Red N.V.,"New York, United States",3.7,1076 ratings,Available online from $7.99
848,Moscato Sangria N.V.,"California, United States",3.7,637 ratings,Available online from $3.99
849,Blackberry N.V.,"New York, United States",3.7,446 ratings,4.99
850,Château Pineau du Rey Sauternes 2012,"Sauternes, France",3.7,187 ratings,Available online from $18.99
851,Cuvée Tardive Fleurie 2013,"Fleurie, France",3.7,170 ratings,Available online from $29.99
852,Elysium 2010,"Madera, United States",3.7,63 ratings,Available online from $12.99
853,SL Riesling Spätlese Trocken 2012,"Mosel, Germany",3.7,63 ratings,Available online from $25
854,No. 1 Seleccion Especial 2014,"Málaga, Spain",3.7,54 ratings,Available online from $24.99
855,Loupiac 2017,"Loupiac, France",3.7,51 ratings,Available online from $18
856,Spätlese 2019,"Rheinhessen, Germany",3.7,47 ratings,Available online from $9.99
857,Vin Santo 2013,"Vin Santo, Italy",3.7,40 ratings,36.95
858,Starboard (Vintage Port) 2006,"Amador County, United States",3.7,40 ratings,Available online from $37.80
859,Belcaro Vin Santo del Chianti Classico 2011,"Vin Santo del Chianti Classico, Italy",3.7,35 ratings,Available online from $34.99
860,Late Harvest Riesling 2019,"Washington, United States",3.7,35 ratings,Available online from $9.99
861,Reserve Merlot Semi Sweet 2018,"Pays d'Oc, France",3.7,34 ratings,Available online from $8.99
862,Piesporter Goldtröpfchen Riesling Spätlese 2019,"Piesport, Germany",3.7,31 ratings,Available online from $20
863,Vouvray Demi-Sec 2017,"Vouvray, France",3.7,31 ratings,24.99
864,Sauternes 2006,"Sauternes, France",3.7,30 ratings,Available online from $79.99
865,Vin Santo Del Chianti Classico 2004,"Vin Santo del Chianti Classico, Italy",3.7,25 ratings,Available online from $59.96
866,Sangria N.V.,"California, United States",3.6,429 ratings,6.99
867,Banty Red N.V.,"Finger Lakes, United States",3.6,176 ratings,Available online from $8.99
868,Rutherglen Tokay N.V.,"Rutherglen, Australia",3.6,118 ratings,21.99
869,Premium Fine Tokay N.V.,"Victoria, Australia",3.6,79 ratings,16.14
870,Vernaccia di Oristano 2016,"Vernaccia di Oristano, Italy",3.6,75 ratings,Available online from $23.99
871,Semi-Sweet Merlot 2014,"Ontario, Canada",3.6,56 ratings,Available online from $13.99
872,Late Harvest Torrontes 2016,"San Carlos, Argentina",3.6,41 ratings,26.99
873,Late Harvest Reserva Sémillon 2014,"Maipo Valley, Chile",3.6,35 ratings,Available online from $75
874,Vin Santo del Chianti 2012,"Vin Santo del Chianti, Italy",3.6,30 ratings,Available online from $37.99
875,Moscato Rosa 2012,"Südtirol - Alto Adige, Italy",3.6,29 ratings,43.99
876,Vin Santo Del Chianti Classico 2012,"Vin Santo del Chianti Classico, Italy",3.6,28 ratings,Available online from $43.20
877,Moscato Sweet White 2018,"Judean Hills, Israel",3.6,27 ratings,Available online from $9.95
878,Noble House Eiswein 2016,"Mosel, Germany",3.6,27 ratings,Available online from $29.99
879,Mavrodaphne of Patras N.V.,"Peloponnesos, Greece",3.5,429 ratings,Available online from $12.99
880,Rojo Dulce N.V.,"New Mexico, United States",3.5,64 ratings,Available online from $10.99
881,Natural Sweet Viognier 2015,"Paarl, South Africa",3.5,32 ratings,Available online from $29.95
882,Riesling Auslese Sweet & Luscious 2018,"Mosel, Germany",3.4,48 ratings,Available online from $14.39
883,Niagara N.V.,"New York, United States",3.2,30 ratings,Available online from $9.99
884,Late Harvest Reserva Sémillon 2013,"Maipo Valley, Chile",3.1,40 ratings,Available online from $64.89
885,Capriccio White Sangria N.V.,", ",3.0,132 ratings,Available online from $7.99
886,Casa de Piatră 2011,"Moldova, Romania",2.8,50 ratings,Available online from $13.99
